Player,Age,Pos,G,MP,PTS,TRB,AST,STL,BLK,FG%,3P%,Salary
Shai Gilgeous-Alexander,26,PG,76,34.2,32.7,5.0,6.4,1.7,1.0,0.519,0.375,35859950
Giannis Antetokounmpo,30,PF,67,34.2,30.4,11.9,6.5,0.9,1.2,0.601,0.222,48787676
Nikola Jokic,29,C,70,36.7,29.6,12.7,10.2,1.8,0.6,0.576,0.417,51415938
Luka Doncic,25,PG,50,35.4,28.2,8.2,7.7,1.8,0.4,0.45,0.368,43031940
Anthony Edwards,23,SG,79,36.3,27.6,5.7,4.5,1.2,0.6,0.447,0.395,42176400
Jayson Tatum,26,PF,72,36.4,26.8,8.7,6.0,1.1,0.5,0.452,0.343,34848340
Kevin Durant,36,PF,62,36.5,26.6,6.0,4.2,0.8,1.2,0.527,0.43,51179021
Tyrese Maxey,24,PG,52,37.7,26.3,3.3,6.1,1.8,0.4,0.437,0.337,35147000
Cade Cunningham,23,PG,70,35.0,26.1,6.1,9.1,1.0,0.8,0.469,0.356,13940809
Jalen Brunson,28,PG,65,35.4,26.0,2.9,7.3,0.9,0.1,0.488,0.383,24960001
Paolo Banchero,22,PF,46,34.4,25.9,7.5,4.8,0.8,0.6,0.452,0.32,12160800
Devin Booker,28,SG,75,37.3,25.6,4.1,7.1,0.9,0.2,0.461,0.332,49205800
LaMelo Ball,23,PG,47,32.0,25.2,4.9,7.4,1.1,0.3,0.405,0.339,35147000
Damian Lillard,34,PG,58,36.1,24.9,4.7,7.1,1.2,0.2,0.448,0.376,48787676
Anthony Davis,31,PF,51,33.5,24.7,11.6,3.5,1.2,2.2,0.516,0.282,43219440
Kyrie Irving,32,SG,50,36.1,24.7,4.8,4.6,1.3,0.5,0.473,0.401,41000000
Zion Williamson,24,PF,30,28.6,24.6,7.2,5.3,1.2,0.9,0.567,0.231,36725670
Stephen Curry,36,PG,70,32.2,24.5,4.4,6.0,1.1,0.4,0.448,0.397,55761216
LeBron James,40,SF,70,34.9,24.4,7.8,8.2,1.0,0.6,0.513,0.376,48728845
Karl-Anthony Towns,29,C,72,35.0,24.4,12.8,3.1,1.0,0.7,0.526,0.42,49205800
Victor Wembanyama,21,C,46,33.2,24.3,11.0,3.7,1.1,3.8,0.476,0.352,12768960
Franz Wagner,23,SF,60,33.7,24.2,5.7,4.7,1.3,0.4,0.463,0.295,7007092
Trae Young,26,PG,76,36.0,24.2,3.1,11.6,1.2,0.2,0.411,0.34,43031940
Donovan Mitchell,28,SG,71,31.4,24.0,4.5,5.0,1.3,0.2,0.443,0.368,35410310
Cam Thomas,23,SG,25,31.2,24.0,3.3,3.8,0.6,0.1,0.438,0.349,4041249
Tyler Herro,25,SG,77,35.4,23.9,5.2,5.5,0.9,0.2,0.472,0.375,29000000
Joel Embiid,30,C,19,30.2,23.8,8.2,4.5,0.7,0.9,0.444,0.299,51415938
De'Aaron Fox,27,PG,62,36.1,23.5,4.8,6.3,1.5,0.4,0.463,0.31,34848340
Zach LaVine,29,SF,74,35.2,23.3,4.3,4.2,0.8,0.2,0.511,0.446,44531940
Ja Morant,25,PG,50,30.4,23.2,4.1,7.3,1.2,0.2,0.454,0.309,36725670
James Harden,35,PG,79,35.3,22.8,5.8,8.7,1.5,0.7,0.41,0.352,33653846
Jaylen Brown,28,SF,63,34.3,22.2,5.8,4.5,1.2,0.3,0.463,0.324,49205800
DeMar DeRozan,35,SF,77,35.9,22.2,3.9,4.4,0.8,0.4,0.477,0.328,23400000
Brandon Ingram,27,SF,18,33.1,22.2,5.6,5.2,0.9,0.6,0.465,0.374,36016200
Jaren Jackson Jr.,25,C,74,29.8,22.2,5.6,2.0,1.2,1.5,0.488,0.375,25257798
Norman Powell,31,SG,60,32.6,21.8,3.2,2.1,1.2,0.2,0.484,0.418,19241379
Jalen Williams,23,SG,69,32.4,21.6,5.3,5.1,1.6,0.7,0.484,0.365,4775760
Kawhi Leonard,33,SF,37,31.9,21.5,5.9,3.1,1.6,0.5,0.498,0.411,49205800
Jamal Murray,27,PG,67,36.1,21.4,3.9,6.0,1.4,0.5,0.474,0.393,36016200
Trey Murphy III,24,SF,53,35.0,21.2,5.1,3.5,1.1,0.7,0.454,0.361,5159854
RJ Barrett,24,SF,58,32.2,21.1,6.3,5.4,0.8,0.3,0.468,0.35,25794643
CJ McCollum,33,PG,56,32.7,21.1,3.8,4.1,0.8,0.4,0.444,0.373,33333333
Jalen Green,22,SG,82,32.9,21.0,4.6,3.4,0.9,0.3,0.423,0.354,12483048
Brandon Miller,22,SF,27,34.2,21.0,4.9,3.6,1.1,0.7,0.403,0.355,11424600
Darius Garland,25,PG,75,30.7,20.6,2.9,6.7,1.2,0.1,0.472,0.401,36725670
Jordan Poole,25,SG,68,29.4,20.5,3.0,4.5,1.3,0.4,0.432,0.378,29651786
Coby White,24,SG,74,33.1,20.4,3.7,4.5,0.9,0.2,0.453,0.37,12000000
Miles Bridges,26,PF,64,31.7,20.3,7.5,3.9,0.7,0.7,0.431,0.313,27173913
Austin Reaves,26,SG,73,34.9,20.2,4.5,5.8,1.1,0.3,0.46,0.377,12976362
Pascal Siakam,30,PF,78,32.7,20.2,6.9,3.4,0.9,0.5,0.519,0.389,42176400
Kristaps Porzingis,29,C,42,28.8,19.5,6.8,2.1,0.7,1.5,0.483,0.412,29268293
Scottie Barnes,23,PF,65,32.8,19.3,7.7,5.8,1.4,1.0,0.446,0.271,10130980
Anfernee Simons,25,SG,70,32.7,19.3,2.7,4.8,0.9,0.1,0.426,0.363,25892857
Desmond Bane,26,SG,69,32.0,19.2,6.1,5.3,1.2,0.4,0.484,0.392,34005250
Domantas Sabonis,28,C,70,34.7,19.1,13.9,6.0,0.7,0.4,0.59,0.417,40500000
Alperen Sengun,22,C,76,31.5,19.1,10.3,4.9,1.1,0.8,0.496,0.233,5424654
John Collins,27,PF,40,30.5,19.0,8.2,2.0,1.0,1.0,0.527,0.399,26580000
Lauri Markkanen,27,PF,47,31.4,19.0,5.9,1.5,0.7,0.4,0.423,0.346,42176400
Jalen Johnson,23,SF,36,35.7,18.9,10.0,5.0,1.6,1.0,0.5,0.312,4510905
Cameron Johnson,28,PF,57,31.6,18.8,4.3,3.4,0.9,0.4,0.475,0.39,22500000
Julius Randle,30,PF,69,32.3,18.7,7.1,4.7,0.7,0.2,0.485,0.344,33073920
Tyrese Haliburton,24,PG,73,33.6,18.6,3.5,9.2,1.4,0.7,0.473,0.388,42176400
Evan Mobley,23,PF,71,30.5,18.5,9.3,3.2,0.9,1.6,0.557,0.37,11227657
Shaedon Sharpe,21,SG,72,31.3,18.5,4.5,2.8,0.9,0.2,0.452,0.311,6614160
Nikola Vucevic,34,C,73,31.2,18.5,10.1,3.5,0.8,0.7,0.53,0.402,20000000
Collin Sexton,26,SG,63,27.9,18.4,2.7,4.2,0.7,0.1,0.48,0.406,18350000
Michael Porter Jr.,26,SF,77,33.7,18.2,7.0,2.1,0.6,0.5,0.504,0.395,35859950
Bam Adebayo,27,C,78,34.3,18.1,9.6,4.3,1.3,0.7,0.485,0.357,34848340
Andrew Wiggins,29,SF,60,30.7,18.0,4.5,2.6,1.0,0.8,0.448,0.374,26276786
OG Anunoby,27,PF,74,36.6,18.0,4.8,2.2,1.5,0.9,0.476,0.372,36637932
Mikal Bridges,28,SF,82,37.0,17.6,3.2,3.7,0.9,0.5,0.5,0.354,23300000
Jaden Ivey,22,SG,30,29.9,17.6,4.1,4.0,0.9,0.4,0.46,0.409,7977240
Jimmy Butler,35,SF,55,31.7,17.5,5.4,5.4,1.4,0.3,0.504,0.308,48798677
Dejounte Murray,28,PG,31,32.6,17.5,6.5,7.4,2.0,0.4,0.393,0.299,29517135
Malik Monk,26,SG,65,31.6,17.2,3.8,5.6,0.9,0.6,0.439,0.325,17405203
Immanuel Quickley,25,PG,33,27.8,17.1,3.5,5.8,0.7,0.1,0.42,0.378,32500000
De'Andre Hunter,27,SF,64,27.2,17.0,4.0,1.4,0.8,0.2,0.47,0.405,21696429
Bradley Beal,31,SG,53,32.1,17.0,3.3,3.7,1.1,0.5,0.497,0.386,50203930
Deni Avdija,24,SF,72,30.0,16.9,7.3,3.9,1.0,0.5,0.476,0.365,15625000
Keyonte George,21,PG,67,31.5,16.8,3.8,5.6,0.7,0.1,0.391,0.343,4084200
Ivica Zubac,27,C,80,32.8,16.8,12.6,2.7,0.7,1.1,0.628,,11743210
Derrick White,30,SG,76,33.9,16.4,4.5,4.8,0.9,1.1,0.442,0.384,20071429
Malik Beasley,28,SG,82,27.8,16.3,2.6,1.7,0.9,0.1,0.43,0.416,6000000
Devin Vassell,24,SG,64,31.0,16.3,4.0,2.9,1.3,0.5,0.443,0.368,29347826
Jordan Clarkson,32,SG,37,26.0,16.2,3.2,3.7,0.8,0.2,0.408,0.362,14092577
Paul George,34,PF,41,32.5,16.2,5.3,4.3,1.8,0.5,0.43,0.358,49205800
Jalen Suggs,23,PG,35,28.6,16.2,4.0,3.7,1.5,0.9,0.41,0.314,9188385
Bennedict Mathurin,22,SF,72,29.8,16.1,5.3,1.9,0.7,0.3,0.458,0.34,7245720
Myles Turner,28,C,72,30.2,15.6,6.5,1.5,0.8,2.0,0.481,0.396,19928500
Christian Braun,23,SG,79,33.9,15.4,5.2,2.6,1.1,0.5,0.58,0.397,3089640
Jonathan Kuminga,22,PF,47,24.3,15.3,4.6,2.2,0.8,0.4,0.454,0.305,7636307
Jared McCain,20,SG,23,25.7,15.3,2.4,2.6,0.7,0.0,0.46,0.383,4020360
Mark Williams,23,C,44,26.6,15.3,10.2,2.5,0.7,1.2,0.604,0.0,4094280
Kelly Oubre Jr.,29,SF,60,34.6,15.1,6.1,1.8,1.5,0.5,0.47,0.293,7983000
Chet Holmgren,22,C,32,27.4,15.0,8.0,2.0,0.7,2.2,0.49,0.379,10880640
Kyle Kuzma,29,PF,65,29.8,14.8,5.7,2.3,0.6,0.3,0.436,0.307,24456061
Stephon Castle,20,PG,81,26.7,14.7,3.7,4.1,0.9,0.3,0.428,0.285,9105120
Aaron Gordon,29,PF,51,28.4,14.7,4.8,3.2,0.5,0.3,0.531,0.436,22841455
P.J. Washington,26,PF,57,32.2,14.7,7.8,2.3,1.1,1.1,0.453,0.381,15500000
Quentin Grimes,24,SG,75,26.8,14.6,4.3,3.0,1.0,0.3,0.467,0.385,4296682
Josh Giddey,22,PG,70,30.2,14.6,8.1,7.2,1.2,0.6,0.465,0.378,8352367
Jakob Poeltl,29,C,57,29.6,14.5,9.6,2.8,1.2,1.2,0.627,0.333,19500000
Deandre Ayton,26,C,40,30.2,14.4,10.2,1.6,0.8,1.0,0.566,0.188,34005126
Gradey Dick,21,SG,54,29.4,14.4,3.6,1.8,0.9,0.2,0.41,0.35,4763760
Jerami Grant,30,PF,47,32.4,14.4,3.5,2.1,0.9,1.0,0.373,0.365,29793104
Payton Pritchard,27,PG,80,28.4,14.3,3.8,3.5,0.9,0.2,0.472,0.407,6696429
Naz Reid,25,C,80,27.5,14.2,6.0,2.3,0.7,0.9,0.462,0.379,13986432
Dyson Daniels,21,SG,76,33.8,14.1,5.9,4.4,3.0,0.7,0.493,0.34,6059520
Tre Mann,23,PG,13,24.5,14.1,2.9,3.0,0.5,0.3,0.435,0.4,4908373
Amen Thompson,22,SF,69,32.2,14.1,8.2,3.8,1.4,1.3,0.557,0.275,9249960
Fred VanVleet,30,PG,60,35.2,14.1,3.7,5.6,1.6,0.4,0.378,0.345,42846615
Dillon Brooks,29,SF,75,31.8,14.0,3.7,1.7,0.8,0.2,0.429,0.397,22255493
Klay Thompson,34,SF,72,27.3,14.0,3.4,2.0,0.7,0.4,0.412,0.391,15873016
Bobby Portis,29,PF,49,25.4,13.9,8.4,2.1,0.7,0.5,0.466,0.365,12578286
Tobias Harris,32,PF,73,31.6,13.7,5.9,2.2,1.0,0.8,0.477,0.345,25365854
Josh Hart,29,SG,77,37.6,13.6,9.6,5.9,1.5,0.4,0.525,0.333,18144000
Jarrett Allen,26,C,82,28.0,13.5,9.7,1.9,0.9,0.9,0.706,0.0,20000000
Onyeka Okongwu,24,C,74,27.9,13.4,8.9,2.3,0.9,0.9,0.567,0.324,14000000
Russell Westbrook,36,PG,75,27.9,13.3,4.9,6.1,1.4,0.5,0.449,0.323,5631296
Russell Westbrook,36,PG,75,27.9,13.3,4.9,6.1,1.4,0.5,0.449,0.323,5631296
Naji Marshall,27,SF,69,27.8,13.2,4.8,3.0,1.0,0.2,0.508,0.275,8571429
Dennis Schroder,31,PG,75,28.1,13.1,2.6,5.4,0.9,0.2,0.406,0.342,13025250
Rui Hachimura,26,PF,59,31.7,13.1,5.0,1.4,0.8,0.4,0.509,0.413,17000000
Brook Lopez,36,C,80,31.8,13.0,5.0,1.8,0.6,1.9,0.509,0.373,23000000
Alex Sarr,19,C,67,27.1,13.0,6.5,2.4,0.7,1.5,0.394,0.308,11245680
Moritz Wagner,27,C,30,18.8,12.9,4.9,1.4,0.8,0.4,0.562,0.36,11000000
Malcolm Brogdon,32,PG,24,23.5,12.7,3.8,4.1,0.5,0.2,0.433,0.286,22500000
Scoot Henderson,20,PG,66,26.7,12.7,3.0,5.1,1.0,0.2,0.419,0.354,10259160
Keldon Johnson,25,SF,77,23.9,12.7,4.8,1.6,0.6,0.3,0.482,0.318,19000000
D'Angelo Russell,28,PG,58,25.5,12.6,2.8,5.1,1.0,0.4,0.39,0.314,18692307
Zaccharie Risacher,19,SF,75,24.6,12.6,3.6,1.2,0.7,0.5,0.458,0.355,12569040
Santi Aldama,24,PF,65,25.5,12.5,6.4,2.9,0.8,0.4,0.483,0.368,3960531
Ty Jerome,27,SG,70,19.9,12.5,2.5,3.4,1.1,0.0,0.516,0.439,2560975
Keegan Murray,24,PF,76,34.3,12.4,6.7,1.4,0.8,0.9,0.444,0.343,8809560
Lonnie Walker IV,26,SG,20,23.9,12.4,3.2,2.5,0.5,0.3,0.42,0.354,780932
Harrison Barnes,32,PF,82,27.2,12.3,3.8,1.7,0.5,0.2,0.508,0.433,18000000
Bilal Coulibaly,20,SF,59,33.0,12.3,5.0,3.4,1.3,0.7,0.421,0.281,6945240
Ayo Dosunmu,25,SG,46,30.3,12.3,3.5,4.5,0.9,0.4,0.492,0.328,7000000
Daniel Gafford,26,C,57,21.5,12.3,6.8,1.4,0.4,1.8,0.702,,13394160
Jaden McDaniels,24,PF,82,31.9,12.2,5.7,2.0,1.3,0.9,0.477,0.33,23017242
Jabari Smith Jr.,21,PF,57,30.1,12.2,7.0,1.1,0.4,0.7,0.438,0.354,9770880
Caris LeVert,30,SG,64,24.9,12.1,3.2,3.4,0.9,0.5,0.467,0.373,16615384
Drew Timme,24,PF,9,28.2,12.1,7.2,2.2,0.4,0.1,0.441,0.257,113055
Tari Eason,23,PF,57,24.9,12.0,6.4,1.5,1.7,0.9,0.487,0.342,3695160
Rudy Gobert,32,C,72,33.2,12.0,10.9,1.8,0.8,1.4,0.669,,43827586
Aaron Nesmith,25,SF,45,25.0,12.0,4.0,1.2,0.8,0.4,0.507,0.431,11000000
Aaron Wiggins,26,SG,76,22.9,12.0,3.9,1.8,0.8,0.2,0.488,0.383,10514017
Khris Middleton,33,SF,37,22.8,11.9,3.7,4.1,0.9,0.2,0.475,0.361,31000000
Jalen Duren,21,C,78,26.1,11.8,10.3,2.7,0.7,1.1,0.692,,4536840
Donte DiVincenzo,28,SG,62,25.9,11.7,3.7,3.6,1.2,0.3,0.422,0.397,11445000
Brandin Podziemski,21,SG,64,26.8,11.7,5.1,3.4,1.1,0.2,0.445,0.372,3519960
Corey Kispert,25,SF,61,26.3,11.6,3.0,1.7,0.4,0.2,0.451,0.364,5705887
Jeremy Sochan,21,PF,54,25.3,11.4,6.5,2.4,0.8,0.5,0.535,0.308,5570040
Toumani Camara,24,PF,78,32.7,11.3,5.8,2.2,1.5,0.6,0.458,0.375,1891857
Isaiah Hartenstein,26,C,57,27.9,11.2,10.7,3.8,0.8,1.1,0.581,0.0,30000000
Buddy Hield,32,SG,82,22.7,11.1,3.2,1.6,0.8,0.3,0.417,0.37,8780488
Jrue Holiday,34,PG,62,30.6,11.1,4.3,3.9,1.1,0.4,0.443,0.353,30000000
Walker Kessler,23,C,58,30.0,11.1,12.2,1.7,0.6,2.4,0.663,0.176,2965920
Gary Trent Jr.,26,SG,74,25.6,11.1,2.3,1.2,1.0,0.1,0.431,0.416,2087519
Spencer Dinwiddie,31,PG,79,27.0,11.0,2.6,4.4,0.9,0.2,0.416,0.334,2087519
Tim Hardaway Jr.,32,SG,77,28.0,11.0,2.4,1.6,0.5,0.1,0.406,0.368,16193183
Duncan Robinson,30,SF,74,24.1,11.0,2.3,2.4,0.5,0.1,0.437,0.393,19406000
Guerschon Yabusele,29,C,70,27.1,11.0,5.6,2.1,0.8,0.3,0.501,0.38,2087519
Brice Sensabaugh,21,SF,71,20.2,10.9,3.0,1.5,0.6,0.1,0.459,0.422,2571480
Bogdan Bogdanovic,32,SG,54,25.0,10.8,2.9,2.7,0.8,0.2,0.427,0.363,17260000
Jordan Hawkins,22,SG,56,23.6,10.8,2.8,1.2,0.5,0.4,0.372,0.331,4525680
Brandon Boston Jr.,23,SG,42,23.6,10.7,3.2,2.2,1.3,0.2,0.436,0.35,596581
Grayson Allen,29,SG,64,24.1,10.6,3.0,2.1,0.8,0.3,0.448,0.426,15625000
Keon Johnson,22,SG,79,24.4,10.6,3.8,2.2,1.0,0.4,0.389,0.314,2162606
Terry Rozier,30,PG,64,25.9,10.6,3.7,2.6,0.6,0.2,0.391,0.295,24924126
Obi Toppin,26,PF,79,19.6,10.5,4.0,1.6,0.6,0.4,0.529,0.365,12975000
Jonas Valanciunas,32,C,81,18.8,10.4,7.7,2.0,0.5,0.6,0.55,0.216,9900000
Ochai Agbaji,24,SG,64,27.2,10.4,3.8,1.5,0.9,0.5,0.498,0.399,4310280
Jaylen Wells,21,SG,79,25.9,10.4,3.4,1.7,0.6,0.1,0.425,0.352,1157153
Grant Williams,26,PF,16,29.9,10.4,5.1,2.3,1.1,0.8,0.439,0.365,13025250
Kevin Porter Jr.,24,SG,75,19.8,10.3,3.7,3.4,1.1,0.2,0.449,0.311,3366937
Kevin Porter Jr.,24,SG,75,19.8,10.3,3.7,3.4,1.1,0.2,0.449,0.311,3366937
Jose Alvarado,26,PG,56,24.4,10.3,2.4,4.6,1.3,0.3,0.392,0.359,1988598
Nic Claxton,25,C,70,26.9,10.3,7.4,2.2,0.9,1.4,0.563,0.238,27556817
Herbert Jones,26,SF,20,32.4,10.3,3.9,3.3,1.9,0.5,0.436,0.306,12976362
De'Anthony Melton,26,SG,6,20.2,10.3,3.3,2.8,1.2,0.3,0.407,0.371,12822000
Isaiah Joe,25,SG,74,21.7,10.2,2.6,1.6,0.6,0.1,0.44,0.412,12991650
Tyus Jones,28,PG,81,26.8,10.2,2.4,5.3,0.9,0.1,0.448,0.414,2087519
Trendon Watford,24,PF,44,20.8,10.2,3.6,2.6,0.6,0.3,0.469,0.33,2726603
Luguentz Dort,25,SF,71,29.2,10.1,4.1,1.6,1.1,0.5,0.435,0.412,16500000
Justin Edwards,21,SF,44,26.3,10.1,3.4,1.6,1.0,0.4,0.455,0.363,425619
Derrick Jones Jr.,27,SF,77,24.3,10.1,3.4,0.8,1.0,0.4,0.526,0.356,9523810
Ausar Thompson,22,SF,59,22.5,10.1,5.1,2.3,1.7,0.7,0.535,0.224,8376000
Chris Boucher,32,PF,50,17.2,10.0,4.5,0.7,0.5,0.5,0.492,0.363,10810000
Andrew Nembhard,25,SG,65,28.9,10.0,3.3,5.0,1.2,0.2,0.458,0.291,2019699
Ziaire Williams,23,SF,63,24.5,10.0,4.6,1.3,1.0,0.4,0.412,0.341,6133005
Kevin Huerter,26,SG,69,24.3,9.9,3.0,2.3,1.0,0.3,0.425,0.338,16830357
Georges Niang,31,PF,79,21.5,9.9,3.4,1.4,0.4,0.2,0.461,0.406,8500000
Julian Champagnie,23,SF,82,23.6,9.9,3.9,1.4,0.7,0.4,0.415,0.371,3000000
Scotty Pippen Jr.,24,PG,79,21.3,9.9,3.3,4.4,1.3,0.4,0.48,0.397,2087519
Nick Smith Jr.,20,SG,60,22.8,9.9,2.1,2.4,0.3,0.1,0.391,0.34,2587200
Bub Carrington,19,PG,82,30.0,9.8,4.2,4.4,0.7,0.3,0.401,0.339,4454880
Moses Moody,22,SG,74,22.3,9.8,2.6,1.3,0.8,0.4,0.433,0.374,5803269
Amir Coffey,27,SG,72,24.3,9.7,2.2,1.1,0.6,0.1,0.471,0.409,3938271
Max Christie,21,SG,78,27.3,9.6,3.3,1.9,0.8,0.4,0.427,0.366,7142857
Kyle Filipowski,21,C,72,21.1,9.6,6.1,1.9,0.7,0.3,0.502,0.35,3000000
Miles McBride,24,PG,64,24.9,9.5,2.5,2.9,1.0,0.3,0.406,0.369,4710144
Jalen Wilson,24,PF,79,25.7,9.5,3.4,1.8,0.5,0.1,0.397,0.337,1891857
Nickeil Alexander-Walker,26,SG,82,25.3,9.4,3.2,2.7,0.6,0.4,0.438,0.381,4312500
Cole Anthony,24,PG,67,18.4,9.4,3.0,2.9,0.7,0.5,0.424,0.353,12900000
Anthony Black,21,PG,78,24.2,9.4,2.9,3.1,1.1,0.6,0.423,0.318,7607760
Max Strus,28,SF,50,25.5,9.4,4.3,3.2,0.5,0.2,0.442,0.386,15212068
Cam Whitmore,20,SF,51,16.2,9.4,3.0,1.0,0.6,0.3,0.444,0.355,3379080
Nick Richards,27,C,57,22.0,9.3,8.2,0.9,0.2,1.0,0.591,0.0,5000000
Kel'el Ware,20,C,64,22.2,9.3,7.4,0.9,0.6,1.1,0.554,0.315,4231800
Zach Edey,22,C,66,21.5,9.2,8.3,1.0,0.5,1.3,0.58,0.346,5756880
Wendell Carter Jr.,25,C,68,25.9,9.1,7.2,2.0,0.8,0.6,0.46,0.234,11950000
Noah Clowney,20,PF,46,22.7,9.1,3.9,0.9,0.5,0.5,0.358,0.333,3244080
Dalton Knecht,23,SF,78,19.2,9.1,2.8,0.8,0.3,0.1,0.461,0.376,3819120
A.J. Lawson,24,SG,26,18.7,9.1,3.3,1.2,0.5,0.2,0.421,0.327,100000
T.J. McConnell,32,PG,79,17.9,9.1,2.4,4.4,1.1,0.3,0.519,0.306,9300000
Yves Missi,20,C,73,26.8,9.1,8.2,1.4,0.5,1.3,0.547,0.0,3193200
Royce O'Neale,31,SF,75,24.5,9.1,4.7,2.2,0.9,0.5,0.423,0.406,9375000
Jared Butler,24,SG,60,17.4,9.0,1.8,3.7,0.7,0.2,0.448,0.355,745726
Marcus Smart,30,PG,34,20.0,9.0,2.1,3.2,1.1,0.3,0.393,0.348,20210284
Draymond Green,34,PF,68,29.2,9.0,6.1,5.6,1.5,1.0,0.424,0.325,24107143
Killian Hayes,23,PG,6,27.0,9.0,3.0,5.2,0.7,0.7,0.419,0.381,119972
Al Horford,38,C,60,27.7,9.0,6.2,2.1,0.6,0.9,0.423,0.363,9500000
Julian Strawther,22,SG,65,21.3,9.0,2.2,1.3,0.6,0.2,0.432,0.349,2552520
Patrick Williams,23,PF,63,25.0,9.0,3.8,2.0,0.8,0.5,0.397,0.353,18000000
Jusuf Nurkic,30,C,51,20.8,8.9,7.8,2.3,0.8,0.7,0.477,0.305,18125000
Clint Capela,30,C,55,21.4,8.9,8.5,1.1,0.6,1.0,0.559,0.0,22265280
Johnny Juzang,23,SG,64,19.8,8.9,2.9,1.1,0.6,0.1,0.429,0.376,3087519
Luke Kennard,28,SG,65,22.6,8.9,2.8,3.3,0.8,0.1,0.478,0.433,9250000
Justin Champagnie,23,SF,62,21.6,8.8,5.7,1.0,1.0,0.6,0.511,0.383,1800000
Svi Mykhailiuk,27,SF,38,20.0,8.8,2.4,2.0,0.5,0.2,0.391,0.345,3500000
Chris Paul,39,PG,82,28.0,8.8,3.6,7.4,1.3,0.3,0.427,0.377,10460000
Kelly Olynyk,33,C,44,20.3,8.7,4.7,2.9,0.8,0.4,0.5,0.418,12804878
Dorian Finney-Smith,31,PF,63,28.9,8.7,3.9,1.4,0.9,0.4,0.448,0.411,14924167
Oshae Brissett,26,SF,6,23.7,8.7,3.7,0.7,0.7,0.5,0.487,0.333,119972
Kentavious Caldwell-Pope,31,SG,77,29.6,8.7,2.2,1.8,1.3,0.4,0.439,0.342,22757000
Isaiah Collier,20,PG,71,25.9,8.7,3.3,6.3,0.9,0.2,0.422,0.249,2512680
Dante Exum,29,PG,20,18.6,8.7,1.7,2.8,0.6,0.2,0.478,0.434,3150000
Kyshawn George,21,SG,68,26.5,8.7,4.2,2.5,1.0,0.7,0.372,0.322,2825520
Jaden Hardy,22,SG,57,15.9,8.7,1.6,1.4,0.5,0.1,0.435,0.386,2019699
Dereck Lively II,20,C,36,23.1,8.7,7.5,2.4,0.6,1.6,0.702,,5014560
Tyrese Martin,25,SG,60,21.9,8.7,3.7,2.0,0.6,0.2,0.406,0.351,635853
Matas Buzelis,20,SF,80,18.9,8.6,3.5,1.0,0.4,0.9,0.454,0.361,5195520
Jaime Jaquez Jr.,23,SF,66,20.7,8.6,4.4,2.5,0.9,0.2,0.461,0.311,3685800
Ja'Kobe Walter,20,SG,52,21.2,8.6,3.1,1.6,0.8,0.2,0.405,0.349,3465000
Sam Hauser,27,PF,71,21.7,8.5,3.2,0.9,0.6,0.2,0.451,0.416,2092344
Larry Nance Jr.,32,PF,24,19.3,8.5,4.3,1.6,0.8,0.5,0.516,0.447,11205000
Jared Rhoden,25,SG,14,16.2,8.4,3.0,1.1,0.7,0.1,0.483,0.308,119972
Jaylen Nowell,25,SG,8,21.0,8.4,2.5,2.3,0.1,0.5,0.356,0.296,446743
Jaylen Nowell,25,SG,8,21.0,8.4,2.5,2.3,0.1,0.5,0.356,0.296,446743
Cason Wallace,21,SG,68,27.6,8.4,3.4,2.5,1.8,0.5,0.474,0.356,5555880
Bruce Brown,28,PG,41,22.5,8.3,4.0,2.0,0.8,0.2,0.421,0.333,23000000
Dalano Banton,25,PG,67,16.7,8.3,2.0,2.4,0.6,0.5,0.391,0.324,2196970
Brandon Clarke,28,PF,64,18.9,8.3,5.1,1.0,0.8,0.6,0.621,0.059,12500000
Keon Ellis,25,SG,80,24.4,8.3,2.7,1.5,1.5,0.8,0.489,0.433,2120693
Brandon Williams,25,PG,33,14.8,8.3,1.8,2.3,0.7,0.2,0.521,0.4,47989
Mike Conley,37,PG,71,24.7,8.2,2.6,4.5,1.1,0.2,0.4,0.41,9975962
Taurean Prince,30,SF,80,27.1,8.2,3.6,1.9,1.0,0.2,0.457,0.439,2087519
Jalen Smith,24,C,64,15.0,8.2,5.6,1.0,0.3,0.7,0.466,0.324,8571429
Quinten Post,24,PF,42,16.3,8.1,3.5,1.3,0.4,0.4,0.449,0.408,438920
Peyton Watson,22,SF,68,24.4,8.1,3.4,1.4,0.7,1.4,0.477,0.353,2413560
Davion Mitchell,26,PG,74,27.4,7.9,2.3,4.9,1.0,0.2,0.468,0.398,6451077
Caleb Martin,29,SF,45,27.1,7.9,3.9,2.1,1.0,0.5,0.424,0.359,9186594
Day'Ron Sharpe,23,C,50,18.1,7.9,6.6,1.8,0.8,0.8,0.521,0.244,3989122
Terance Mann,28,SG,67,21.1,7.7,3.0,1.8,0.7,0.2,0.496,0.368,11423077
Karlo Matkovic,23,PF,42,18.8,7.7,5.0,1.1,0.5,1.0,0.574,0.318,1407153
AJ Johnson,20,SG,29,22.0,7.6,2.0,2.6,0.4,0.1,0.385,0.267,2795294
Lonzo Ball,27,PG,35,22.2,7.6,3.4,3.3,1.3,0.5,0.366,0.344,21395348
Garrison Mathews,28,SG,47,17.7,7.5,1.9,1.3,0.6,0.3,0.397,0.39,2230253
Matisse Thybulle,27,SG,15,20.8,7.5,3.5,1.9,2.2,0.6,0.477,0.438,11025000
A.J. Green,25,SG,73,22.7,7.4,2.4,1.5,0.5,0.1,0.429,0.427,2120693
Josh Green,24,SG,68,27.8,7.4,2.5,1.6,1.1,0.2,0.428,0.391,12654321
Richaun Holmes,31,PF,31,17.2,7.4,5.7,1.4,0.3,0.7,0.647,0.0,12648321
Alec Burks,33,SG,49,17.6,7.3,2.5,1.1,0.6,0.1,0.424,0.425,2087519
Ricky Council IV,23,SF,73,17.1,7.3,2.9,1.3,0.4,0.2,0.382,0.258,1891857
Andre Drummond,31,C,40,18.8,7.3,7.8,0.9,1.0,0.5,0.5,0.15,5000000
Tre Jones,25,PG,46,19.7,7.2,2.5,4.2,0.8,0.2,0.538,0.396,9104167
Goga Bitadze,25,C,70,20.4,7.2,6.6,2.0,0.7,1.4,0.611,0.107,9057971
Tristan Da Silva,23,SF,74,22.0,7.2,3.3,1.5,0.4,0.2,0.412,0.335,3628440
GG Jackson II,20,PF,29,15.8,7.2,3.2,1.0,0.4,0.2,0.372,0.337,1891857
Vit Krejci,24,PG,57,20.2,7.2,2.7,2.6,0.6,0.5,0.497,0.437,2162606
Sam Merrill,28,SG,71,19.7,7.2,2.2,1.5,0.7,0.2,0.406,0.372,2164993
Nae'Qwan Tomlin,24,PF,5,12.6,7.2,4.2,0.4,0.0,0.2,0.406,0.2,66503
Josh Okogie,26,SG,40,15.6,7.1,2.8,0.8,1.2,0.5,0.443,0.348,8250000
Jalen Hood-Schifino,21,SG,15,21.0,7.1,1.8,2.5,0.3,0.5,0.378,0.304,3879840
Jamison Battle,23,SF,59,17.7,7.1,2.7,0.9,0.3,0.2,0.429,0.405,1000000
Alex Caruso,30,SG,54,19.3,7.1,2.9,2.5,1.6,0.6,0.446,0.353,9890000
Jamal Shead,22,PG,75,19.6,7.1,1.5,4.2,0.8,0.1,0.405,0.323,1862265
Marcus Garrett,26,SG,4,19.8,7.0,1.5,3.3,0.8,0.5,0.407,0.375,107027
Isaiah Jackson,23,C,5,16.8,7.0,5.6,1.0,0.6,1.6,0.609,,4435381
Jaylen Sims,26,SG,6,18.7,7.0,1.0,2.0,0.5,0.2,0.429,0.4,73153
Jaylen Sims,26,SG,6,18.7,7.0,1.0,2.0,0.5,0.2,0.429,0.4,73153
Orlando Robinson,24,C,44,17.5,6.9,5.0,1.8,0.4,0.4,0.444,0.327,1691610
Orlando Robinson,24,C,44,17.5,6.9,5.0,1.8,0.4,0.4,0.444,0.327,1691610
Orlando Robinson,24,C,44,17.5,6.9,5.0,1.8,0.4,0.4,0.444,0.327,1691610
Orlando Robinson,24,C,44,17.5,6.9,5.0,1.8,0.4,0.4,0.444,0.327,1691610
Jake LaRavia,23,PF,66,20.4,6.9,3.9,2.4,0.9,0.3,0.475,0.423,3352680
Ryan Dunn,22,SF,74,19.1,6.9,3.6,0.8,0.6,0.5,0.43,0.311,2530800
Jay Huff,26,C,64,11.7,6.9,2.0,0.6,0.3,0.9,0.515,0.405,2088033
Cameron Payne,30,PG,72,15.1,6.9,1.4,2.8,0.5,0.2,0.401,0.363,2087519
Antonio Reeves,24,SG,44,15.0,6.9,1.4,0.9,0.5,0.1,0.456,0.395,1157153
Cody Martin,29,SF,53,22.1,6.8,4.2,2.0,1.1,0.6,0.418,0.285,8120000
Bol Bol,25,PF,36,12.4,6.8,2.9,0.6,0.3,0.7,0.525,0.344,2087519
Eric Gordon,36,SG,39,19.7,6.8,1.2,1.7,0.7,0.3,0.426,0.409,3303771
Jaxson Hayes,24,C,56,19.5,6.8,4.8,1.0,0.6,0.9,0.722,0.0,2463946
Marcus Bagley,23,SF,10,25.3,6.7,7.0,1.0,0.9,1.2,0.391,0.156,126356
Marcus Bagley,23,SF,10,25.3,6.7,7.0,1.0,0.9,1.2,0.391,0.156,126356
DaQuan Jeffries,27,SG,47,22.8,6.7,2.9,1.1,0.6,0.5,0.405,0.335,2425404
Vasilije Micic,31,PG,41,19.1,6.6,2.2,3.1,0.4,0.0,0.348,0.36,7723000
Precious Achiuwa,25,C,57,20.5,6.6,5.6,1.0,0.8,0.7,0.502,0.278,6000000
Trayce Jackson-Davis,24,C,62,15.6,6.6,5.0,1.7,0.4,0.6,0.576,0.0,1891857
Marcus Sasser,24,PG,57,14.2,6.6,1.2,2.3,0.6,0.1,0.463,0.382,2755080
Vince Williams Jr.,24,SG,27,18.5,6.6,3.6,2.0,0.4,0.3,0.401,0.274,2120693
Thomas Bryant,27,C,66,14.6,6.5,3.8,0.8,0.4,0.6,0.508,0.324,2087519
Donovan Clingan,20,C,67,19.8,6.5,7.9,1.1,0.5,1.6,0.539,0.286,6836400
Seth Curry,34,SG,68,15.6,6.5,1.7,0.9,0.4,0.1,0.478,0.456,2087519
Haywood Highsmith,28,SF,74,24.6,6.5,3.4,1.5,0.9,0.5,0.458,0.382,5200000
Talen Horton-Tucker,24,SG,58,12.5,6.5,1.7,1.4,0.4,0.2,0.457,0.336,2087519
Trey Lyles,29,PF,69,19.6,6.5,4.6,1.2,0.6,0.3,0.42,0.34,8000000
Ajay Mitchell,22,SG,36,16.6,6.5,1.9,1.8,0.7,0.1,0.495,0.383,3000000
Gary Payton II,32,SG,62,15.0,6.5,3.0,1.3,0.8,0.3,0.574,0.326,9130000
Zach Collins,27,PF,64,15.3,6.4,4.5,1.7,0.5,0.5,0.507,0.302,16741200
Kris Dunn,30,PG,74,24.1,6.4,3.4,2.8,1.7,0.4,0.439,0.335,5168000
Ron Holland,19,SF,81,15.6,6.4,2.7,1.0,0.6,0.2,0.474,0.238,8245320
KJ Martin,24,PF,43,21.2,6.4,2.9,1.1,0.4,0.5,0.552,0.259,7975000
Gabe Vincent,28,PG,72,21.2,6.4,1.3,1.4,0.7,0.2,0.4,0.353,11000000
Sandro Mamukelashvili,25,PF,61,11.2,6.3,3.1,0.8,0.4,0.3,0.502,0.373,2087519
Jeremiah Robinson-Earl,24,PF,66,18.8,6.3,4.8,1.3,0.6,0.1,0.455,0.341,2196970
Kenrich Williams,30,PF,69,16.4,6.3,3.5,1.4,0.6,0.1,0.483,0.386,6669000
Bones Hyland,24,PG,24,10.0,6.2,1.0,1.3,0.8,0.2,0.398,0.39,4158439
Jonathan Mogbo,23,PF,63,20.4,6.2,4.9,2.3,0.9,0.5,0.438,0.243,1862265
Ryan Rollins,22,PG,56,14.6,6.2,1.9,1.9,0.8,0.3,0.487,0.408,1091887
Ryan Rollins,22,PG,56,14.6,6.2,1.9,1.9,0.8,0.3,0.487,0.408,1091887
Isaac Okoro,24,SG,55,19.1,6.1,2.4,1.2,0.6,0.3,0.464,0.371,10185186
Jarace Walker,21,PF,75,15.8,6.1,3.1,1.5,0.7,0.3,0.472,0.405,6362520
Mouhamed Gueye,22,PF,33,16.2,6.0,4.2,0.8,0.8,1.0,0.421,0.259,1891857
Luke Kornet,29,C,73,18.6,6.0,5.3,1.6,0.5,1.0,0.668,0.0,2087519
Isaiah Mobley,25,PF,1,17.0,6.0,4.0,5.0,1.0,1.0,0.286,0.333,11997
Isaiah Stewart,23,C,72,19.9,6.0,5.5,1.7,0.4,1.4,0.559,0.321,15000000
James Wiseman,23,C,1,5.0,6.0,1.0,0.0,0.0,0.0,0.5,0.0,2237691
Cole Swider,25,SF,10,16.9,5.9,2.7,0.3,0.4,0.2,0.349,0.319,227947
Cole Swider,25,SF,10,16.9,5.9,2.7,0.3,0.4,0.2,0.349,0.319,227947
Chuma Okeke,26,PF,9,21.8,5.9,5.2,1.7,0.6,0.4,0.5,0.393,355687
Chuma Okeke,26,PF,9,21.8,5.9,5.2,1.7,0.6,0.4,0.5,0.393,355687
Chuma Okeke,26,PF,9,21.8,5.9,5.2,1.7,0.6,0.4,0.5,0.393,355687
Kyle Anderson,31,PF,61,16.4,5.9,3.4,2.4,0.7,0.5,0.469,0.357,8780488
Simone Fontecchio,29,SF,75,16.5,5.9,2.9,0.9,0.4,0.2,0.402,0.335,7692308
Jaylin Williams,22,PF,47,16.7,5.9,5.6,2.6,0.5,0.6,0.439,0.399,2019699
Moses Brown,25,C,13,9.2,5.8,3.4,0.2,0.5,0.3,0.694,,426632
Moses Brown,25,C,13,9.2,5.8,3.4,0.2,0.5,0.3,0.694,,426632
Adem Bona,21,C,58,15.6,5.8,4.2,0.5,0.4,1.2,0.703,0.0,1157153
Robert Williams,27,C,20,17.6,5.8,5.9,1.1,0.7,1.7,0.641,0.333,12428571
Moussa Diabate,23,C,71,17.5,5.7,6.2,0.8,0.6,0.6,0.596,0.0,957763
Dariq Whitehead,20,SF,20,12.3,5.7,1.5,0.6,0.3,0.1,0.406,0.446,3114240
Landry Shamet,27,SG,50,15.2,5.7,1.2,0.5,0.5,0.0,0.461,0.397,1343690
Jordan Goodwin,26,PG,29,18.7,5.6,3.9,1.4,1.0,0.4,0.438,0.382,223718
Shake Milton,28,SG,57,14.7,5.5,1.8,1.8,0.4,0.1,0.453,0.358,2875000
Aaron Holiday,28,PG,62,12.8,5.5,1.3,1.3,0.3,0.2,0.437,0.398,4668000
Jeff Green,38,PF,32,12.4,5.4,1.8,0.6,0.2,0.1,0.504,0.367,8000000
Jonathan Isaac,27,PF,71,15.4,5.4,4.4,0.6,0.9,1.1,0.414,0.258,25000000
Dean Wade,28,PF,59,21.2,5.4,4.2,1.3,0.7,0.3,0.413,0.36,6166667
Kobe Bufkin,21,SG,10,12.4,5.3,2.1,1.7,0.3,0.2,0.383,0.211,4299000
Pat Connaughton,32,SG,41,14.7,5.3,2.7,1.7,0.2,0.3,0.469,0.321,9423869
Kevin Love,36,PF,23,10.9,5.3,4.1,1.0,0.7,0.2,0.357,0.358,3850000
Ben Sheppard,23,SG,63,19.5,5.3,2.8,1.3,0.6,0.2,0.418,0.342,2663880
Monte Morris,29,PG,45,12.7,5.2,1.5,1.6,0.4,0.1,0.426,0.36,2087519
Jabari Walker,22,SF,60,12.5,5.2,3.5,0.6,0.6,0.1,0.515,0.389,2019699
Javonte Green,31,SG,68,18.5,5.1,3.2,0.8,1.0,0.5,0.429,0.326,2328350
Javonte Green,31,SG,68,18.5,5.1,3.2,0.8,1.0,0.5,0.429,0.326,2328350
Bismack Biyombo,32,C,28,18.9,5.1,5.6,1.1,0.6,0.8,0.588,,647851
Bismack Biyombo,32,C,28,18.9,5.1,5.6,1.1,0.6,0.8,0.588,,647851
Bismack Biyombo,32,C,28,18.9,5.1,5.6,1.1,0.6,0.8,0.588,,647851
Mitchell Robinson,26,C,17,17.1,5.1,5.9,0.8,0.9,1.1,0.661,,14318182
Ben Simmons,28,PG,51,22.0,5.0,4.7,5.6,0.7,0.5,0.52,,40011909
Ben Simmons,28,PG,51,22.0,5.0,4.7,5.6,0.7,0.5,0.52,,40011909
Malaki Branham,21,SG,47,9.1,5.0,1.1,0.8,0.2,0.0,0.458,0.405,3217920
Neemias Queta,25,C,62,13.9,5.0,3.8,0.7,0.3,0.7,0.65,0.0,2162606
Lindy Waters III,27,SG,52,15.0,4.9,2.1,1.0,0.5,0.2,0.369,0.344,2196970
Jock Landale,29,C,42,11.9,4.8,3.3,0.9,0.3,0.2,0.533,0.423,8000000
Colin Castleton,24,C,26,16.6,4.7,4.7,1.1,0.3,0.4,0.469,0.125,421081
Colin Castleton,24,C,26,16.6,4.7,4.7,1.1,0.3,0.4,0.469,0.125,421081
Colin Castleton,24,C,26,16.6,4.7,4.7,1.1,0.3,0.4,0.469,0.125,421081
Colin Castleton,24,C,26,16.6,4.7,4.7,1.1,0.3,0.4,0.469,0.125,421081
Taylor Hendricks,21,PF,3,25.0,4.7,5.0,0.7,1.7,1.3,0.222,0.25,5848680
David Roddy,23,PF,33,12.4,4.6,2.5,1.1,0.4,0.3,0.456,0.311,2967212
David Roddy,23,PF,33,12.4,4.6,2.5,1.1,0.4,0.3,0.456,0.311,2967212
Drew Eubanks,27,C,61,12.2,4.6,3.7,0.9,0.2,0.6,0.593,0.5,5000000
Pelle Larsson,23,SG,55,14.2,4.6,1.7,1.2,0.6,0.1,0.438,0.337,1157153
Julian Phillips,21,SF,79,14.2,4.6,2.1,0.5,0.5,0.3,0.446,0.327,1891857
Cody Williams,20,SG,50,21.2,4.6,2.3,1.2,0.5,0.3,0.323,0.259,5469120
Rob Dillingham,20,PG,49,10.5,4.5,1.0,2.0,0.4,0.0,0.441,0.338,6262920
Jett Howard,21,SF,60,11.7,4.5,1.2,0.7,0.2,0.2,0.374,0.296,5278320
Kevon Looney,28,C,76,15.0,4.5,6.1,1.6,0.6,0.5,0.514,0.4,8000000
Mason Plumlee,34,C,74,17.6,4.5,6.1,1.8,0.4,0.6,0.619,0.0,2087519
Dalen Terry,22,SG,73,13.5,4.5,1.7,1.3,0.6,0.2,0.448,0.356,3510480
Marvin Bagley III,25,PF,31,8.5,4.4,2.7,0.4,0.3,0.3,0.519,0.158,12500000
Charles Bassey,24,C,36,10.4,4.4,4.2,0.5,0.4,0.8,0.581,,2087519
Tony Bradley,27,C,14,8.1,4.4,3.0,0.4,0.1,0.6,0.644,0.333,600545
Tony Bradley,27,C,14,8.1,4.4,3.0,0.4,0.1,0.6,0.644,0.333,600545
Tony Bradley,27,C,14,8.1,4.4,3.0,0.4,0.1,0.6,0.644,0.333,600545
Reggie Jackson,34,PG,31,12.4,4.4,1.4,1.5,0.5,0.1,0.391,0.338,4033748
Reggie Jackson,34,PG,31,12.4,4.4,1.4,1.5,0.5,0.1,0.391,0.338,4033748
Reed Sheppard,20,PG,52,12.6,4.4,1.5,1.4,0.7,0.3,0.351,0.338,10098960
Lamar Stevens,27,PF,17,9.1,4.4,2.2,0.5,0.3,0.2,0.46,0.296,623856
Lamar Stevens,27,PF,17,9.1,4.4,2.2,0.5,0.3,0.2,0.46,0.296,623856
Lamar Stevens,27,PF,17,9.1,4.4,2.2,0.5,0.3,0.2,0.46,0.296,623856
Mo Bamba,26,C,32,12.9,4.3,4.5,0.6,0.3,1.0,0.464,0.278,2207491
Mo Bamba,26,C,32,12.9,4.3,4.5,0.6,0.3,1.0,0.464,0.278,2207491
Jevon Carter,29,PG,36,8.9,4.3,1.1,1.1,0.4,0.1,0.377,0.333,6500000
Terrence Shannon Jr.,24,SG,32,10.6,4.3,1.5,1.0,0.2,0.2,0.482,0.355,2546640
Daniel Theis,32,C,38,16.3,4.3,4.3,1.6,0.5,0.5,0.473,0.243,2087519
Torrey Craig,34,SF,26,12.1,4.2,2.8,0.7,0.3,0.5,0.422,0.364,3625162
Torrey Craig,34,SF,26,12.1,4.2,2.8,0.7,0.3,0.5,0.422,0.364,3625162
Wendell Moore Jr.,23,SG,36,13.9,4.2,2.6,1.2,0.6,0.1,0.468,0.341,2537040
Dominick Barlow,21,SF,35,10.7,4.2,2.4,0.5,0.3,0.5,0.531,0.259,491887
Oso Ighodaro,22,PF,61,17.1,4.2,3.6,1.2,0.5,0.5,0.604,0.0,1157153
Kris Murray,24,SF,69,15.1,4.2,2.6,1.0,0.5,0.2,0.419,0.225,2990040
Duop Reath,28,C,46,10.2,4.2,2.0,0.6,0.3,0.3,0.422,0.321,2048780
Maxwell Lewis,22,SF,28,11.7,4.1,2.0,0.7,0.3,0.3,0.417,0.38,1891857
Jaylen Clark,23,SG,40,13.1,4.1,1.3,0.7,0.9,0.1,0.467,0.431,492323
Caleb Houstan,22,SF,58,13.6,4.1,1.3,0.6,0.4,0.1,0.421,0.4,2019699
Jordan Miller,25,SF,37,11.4,4.1,1.6,0.9,0.5,0.1,0.433,0.211,1050000
Jalen Pickett,25,SG,49,13.6,4.1,1.4,2.2,0.4,0.1,0.428,0.396,1891857
Paul Reed,25,C,45,9.7,4.1,2.7,1.0,0.9,0.6,0.507,0.286,3913234
Paul Reed,25,C,45,9.7,4.1,2.7,1.0,0.9,0.6,0.507,0.286,3913234
Gui Santos,22,PF,56,13.6,4.1,3.1,1.4,0.4,0.2,0.458,0.33,1891857
Jarred Vanderbilt,25,PF,36,16.1,4.1,5.1,1.1,1.0,0.3,0.488,0.281,10714286
Colby Jones,22,SG,39,13.2,4.0,2.2,1.1,0.7,0.3,0.457,0.327,2120693
Nicolas Batum,36,PF,78,17.5,4.0,2.8,1.1,0.7,0.5,0.437,0.433,4668000
Malachi Flynn,26,PG,4,11.0,4.0,1.8,1.8,0.8,0.0,0.385,0.25,119972
Josh Richardson,31,SG,8,18.8,4.0,1.5,1.5,1.0,0.1,0.289,0.273,3051153
Steven Adams,31,C,58,13.7,3.9,5.6,1.1,0.4,0.5,0.545,0.0,12600000
Kyle Lowry,38,PG,35,18.8,3.9,1.9,2.7,0.9,0.3,0.35,0.33,2087519
Olivier-Maxence Prosper,22,PF,52,11.2,3.9,2.4,0.8,0.5,0.1,0.402,0.235,2870400
Patty Mills,36,PG,29,11.1,3.8,0.8,0.9,0.4,0.1,0.375,0.347,2087519
Branden Carlson,25,C,32,7.7,3.8,1.7,0.4,0.2,0.7,0.443,0.333,496519
Branden Carlson,25,C,32,7.7,3.8,1.7,0.4,0.2,0.7,0.443,0.333,496519
Branden Carlson,25,C,32,7.7,3.8,1.7,0.4,0.2,0.7,0.443,0.333,496519
Devin Carter,22,PG,36,11.0,3.8,2.1,1.1,0.6,0.1,0.37,0.295,4689000
Ousmane Dieng,21,C,37,10.9,3.8,2.2,0.8,0.5,0.2,0.432,0.324,5027040
Markieff Morris,35,PF,15,11.0,3.7,1.5,1.4,0.1,0.2,0.3,0.25,2087519
DeAndre Jordan,36,C,56,12.3,3.7,5.1,0.9,0.3,0.5,0.65,,2087519
Craig Porter Jr.,24,PG,51,10.1,3.7,1.3,1.4,0.3,0.3,0.514,0.438,1891857
Blake Wesley,21,SG,58,11.8,3.7,1.1,2.0,0.6,0.1,0.435,0.293,2624280
Baylor Scheierman,24,SG,31,12.4,3.6,2.1,1.1,0.5,0.1,0.355,0.317,2494320
Jae'Sean Tate,29,SF,52,11.3,3.6,2.3,0.9,0.5,0.1,0.473,0.348,7565217
Jaylon Tyson,22,SG,47,9.6,3.6,2.0,0.9,0.3,0.1,0.43,0.345,3326160
Elfrid Payton,30,PG,24,21.3,3.5,3.3,6.9,1.0,0.5,0.328,0.167,789048
Elfrid Payton,30,PG,24,21.3,3.5,3.3,6.9,1.0,0.5,0.328,0.167,789048
Elfrid Payton,30,PG,24,21.3,3.5,3.3,6.9,1.0,0.5,0.328,0.167,789048
Elfrid Payton,30,PG,24,21.3,3.5,3.3,6.9,1.0,0.5,0.328,0.167,789048
Elfrid Payton,30,PG,24,21.3,3.5,3.3,6.9,1.0,0.5,0.328,0.167,789048
Elfrid Payton,30,PG,24,21.3,3.5,3.3,6.9,1.0,0.5,0.328,0.167,789048
Luka Garza,26,C,39,5.6,3.5,1.4,0.3,0.2,0.1,0.495,0.278,2162606
Cory Joseph,33,PG,50,12.2,3.5,1.5,1.4,0.5,0.1,0.403,0.364,3303771
Doug McDermott,33,SF,42,8.1,3.5,0.5,0.2,0.1,0.0,0.427,0.436,2087519
Dario Saric,30,C,16,13.1,3.5,3.1,1.4,0.4,0.1,0.362,0.269,5168000
Bruno Fernando,26,C,17,8.6,3.4,3.0,1.1,0.2,0.5,0.531,,1115128
Andre Jackson Jr.,23,SG,67,14.6,3.4,2.7,1.2,0.5,0.2,0.477,0.395,1891857
Isaac Jones,24,PF,40,7.6,3.4,1.4,0.3,0.1,0.3,0.651,0.375,152957
Kevin Knox,25,SF,14,6.0,3.3,1.2,0.4,0.1,0.3,0.5,0.267,503883
Kevin Knox,25,SF,14,6.0,3.3,1.2,0.4,0.1,0.3,0.5,0.267,503883
Kevin Knox,25,SF,14,6.0,3.3,1.2,0.4,0.1,0.3,0.5,0.267,503883
Damion Lee,32,SG,25,5.8,3.3,0.8,0.4,0.2,0.0,0.365,0.243,2087519
Jeenathan Williams,25,SG,20,7.4,3.3,0.7,0.5,0.4,0.2,0.435,0.231,515881
Zeke Nnaji,24,PF,57,10.7,3.2,1.6,0.4,0.4,0.7,0.496,0.327,8888889
Cam Reddish,25,SF,33,17.8,3.2,2.0,0.7,1.0,0.3,0.404,0.277,2463946
Delon Wright,32,PG,40,15.9,3.1,1.7,1.9,0.9,0.3,0.344,0.274,2087519
Kylor Kelley,27,C,11,11.5,3.1,3.5,0.5,0.1,0.3,0.636,,73153
Kylor Kelley,27,C,11,11.5,3.1,3.5,0.5,0.1,0.3,0.636,,73153
Gary Harris,30,SG,48,14.8,3.0,1.3,0.6,0.5,0.3,0.383,0.356,7500000
Maxi Kleber,33,PF,34,18.7,3.0,2.8,1.3,0.3,0.5,0.385,0.265,11000000
Rayan Rupert,20,SG,52,8.8,3.0,1.3,0.5,0.3,0.1,0.408,0.271,1891857
P.J. Tucker,39,SF,3,19.3,3.0,2.7,0.0,0.3,0.3,0.429,0.5,12025777
P.J. Tucker,39,SF,3,19.3,3.0,2.7,0.0,0.3,0.3,0.429,0.5,12025777
P.J. Tucker,39,SF,3,19.3,3.0,2.7,0.0,0.3,0.3,0.429,0.5,12025777
P.J. Tucker,39,SF,3,19.3,3.0,2.7,0.0,0.3,0.3,0.429,0.5,12025777
Markelle Fultz,26,PG,21,8.8,2.9,1.0,1.3,0.5,0.1,0.418,0.5,731831
Taj Gibson,39,C,37,11.1,2.9,3.2,0.6,0.2,0.5,0.495,0.5,2087519
Tyler Smith,20,PF,23,5.3,2.9,1.1,0.2,0.1,0.2,0.48,0.433,1157153
Keshad Johnson,23,SF,16,6.1,2.7,1.8,0.3,0.3,0.3,0.692,0.429,724883
Jae Crowder,34,PF,9,11.4,2.6,2.2,0.7,0.3,0.0,0.318,0.267,1655619
Josh Minott,22,SF,46,6.0,2.6,1.0,0.4,0.3,0.3,0.489,0.326,2019699
Hunter Tyson,24,PF,51,7.8,2.6,1.5,0.4,0.2,0.1,0.375,0.311,1891857
Jaden Springer,22,SG,43,8.5,2.5,1.3,0.8,0.6,0.1,0.389,0.25,4772772
Jaden Springer,22,SG,43,8.5,2.5,1.3,0.8,0.6,0.1,0.389,0.25,4772772
Jaden Springer,22,SG,43,8.5,2.5,1.3,0.8,0.6,0.1,0.389,0.25,4772772
Anthony Gill,32,PF,51,7.8,2.5,1.3,0.3,0.2,0.0,0.489,0.323,2237691
Dillon Jones,23,SF,54,10.2,2.5,2.2,1.1,0.3,0.1,0.383,0.254,2622360
Pat Spencer,28,PG,39,6.4,2.5,1.2,1.2,0.4,0.1,0.406,0.227,438810
Johnny Davis,22,SG,34,7.1,2.4,1.1,0.3,0.4,0.2,0.41,0.241,5291160
John Konchar,28,SG,46,12.1,2.4,3.3,0.9,0.7,0.3,0.451,0.371,6165000
MarJon Beauchamp,24,SF,35,4.5,2.3,1.3,0.3,0.1,0.0,0.415,0.345,2733720
Bronny James,20,SG,27,6.7,2.3,0.7,0.8,0.3,0.1,0.313,0.281,1157153
Patrick Baldwin Jr.,22,SF,24,4.5,2.2,1.0,0.1,0.1,0.1,0.543,0.565,2448840
Jordan McLaughlin,28,PG,46,6.8,2.1,0.7,1.1,0.3,0.0,0.431,0.413,2087519
JD Davison,22,PG,16,5.8,2.1,0.8,0.8,0.3,0.1,0.353,0.222,11997
Chris Duarte,27,SG,17,4.4,2.1,1.2,0.5,0.0,0.0,0.462,0.4,5893768
Johnny Furphy,20,SG,50,7.6,2.1,1.4,0.4,0.4,0.2,0.38,0.3,1850842
Dwight Powell,33,C,55,10.0,2.1,2.1,1.0,0.3,0.4,0.689,0.4,4000000
Tyler Kolek,23,PG,41,7.2,2.0,0.7,1.7,0.3,0.1,0.329,0.298,2087519
Kobe Brown,25,PF,40,6.8,1.9,1.6,0.6,0.2,0.1,0.458,0.231,2533920
Ariel Hukporti,22,C,25,8.7,1.9,2.0,0.4,0.0,0.6,0.677,,1064049
Bobi Klintman,21,SF,8,5.3,1.9,0.9,0.9,0.3,0.1,0.6,0.4,1257153
Garrett Temple,38,SG,28,8.1,1.9,1.0,1.1,0.6,0.1,0.3,0.214,2087519
Jericho Sims,26,C,53,11.9,1.8,3.7,0.6,0.2,0.4,0.634,,2092344
Vlatko Cancar,27,PF,13,10.5,1.8,2.5,0.7,0.2,0.2,0.385,0.267,2087519
E.J. Liddell,24,PF,12,4.4,1.8,0.8,0.3,0.1,0.1,0.533,0.3,706898
Pacome Dadiet,19,SG,18,6.2,1.7,1.0,0.3,0.2,0.1,0.323,0.316,1808080
Tristan Thompson,33,C,40,8.2,1.7,3.4,0.6,0.1,0.3,0.437,0.0,2087519
Alex Len,31,C,46,8.3,1.6,2.1,0.8,0.2,0.5,0.508,0.222,2831348
Alex Len,31,C,46,8.3,1.6,2.1,0.8,0.2,0.5,0.508,0.222,2831348
Jordan Walsh,20,PF,52,7.8,1.6,1.3,0.4,0.2,0.2,0.361,0.273,1891857
Phillip Wheeler,22,PF,5,8.8,1.6,1.6,0.4,0.2,0.4,0.143,0.0,66503
Sidy Cissoko,20,SF,22,5.2,1.5,1.0,0.7,0.1,0.0,0.433,0.231,1891857
Leonard Miller,21,SF,13,2.5,1.5,0.8,0.0,0.2,0.1,0.4,0.0,1891857
Matt Ryan,27,SF,19,3.6,1.5,0.4,0.2,0.1,0.0,0.323,0.316,621439
Cam Christie,19,SG,13,4.5,1.4,0.9,0.5,0.4,0.1,0.292,0.154,1157153
Chris Livingston,21,SF,21,5.0,1.4,1.7,0.2,0.2,0.0,0.333,0.0,1891857
Skal Labissiere,28,PF,4,3.0,1.3,0.8,0.3,0.0,0.0,0.5,1.0,119972
Yuri Collins,23,PG,2,8.0,1.0,1.5,2.0,1.0,0.0,0.333,,66503
Braxton Key,27,SF,3,3.7,1.0,0.7,0.0,0.7,0.0,0.0,0.0,11997
Xavier Tillman Sr.,26,C,33,7.0,1.0,1.3,0.2,0.3,0.2,0.245,0.156,2237691
PJ Dozier,28,SG,9,3.9,0.8,0.6,0.6,0.1,0.0,0.667,0.667,1051255
Joe Ingles,37,SF,19,6.0,0.8,0.6,1.2,0.1,0.0,0.261,0.2,2087519
James Johnson,37,PF,12,3.1,0.7,0.5,0.3,0.0,0.2,0.364,0.0,2087519
Malevy Leons,25,SF,6,3.5,0.3,0.5,0.2,0.0,0.0,0.0,0.0,126356
Daishen Nix,22,PG,3,4.3,0.3,1.3,1.0,0.0,0.0,0.0,0.0,119972
Terence Davis,27,SG,1,8.0,0.0,1.0,1.0,0.0,0.0,0.0,0.0,64301
Jalen McDaniels,27,SF,4,1.8,0.0,0.0,0.3,0.3,0.0,,,4861772
Jalen McDaniels,27,SF,4,1.8,0.0,0.0,0.3,0.3,0.0,,,4861772
Jahlil Okafor,29,C,1,3.0,0.0,1.0,1.0,0.0,0.0,,,119972
Terry Taylor,25,PF,3,2.0,0.0,0.3,0.7,0.0,0.0,0.0,,119972
