Player,Age,Pos,G,MP,PTS,TRB,AST,STL,BLK,FG%,3P%,Salary,Predicted_Salary,Difference
Shai Gilgeous-Alexander,26,PG,76,34.2,32.7,5.0,6.4,1.7,1.0,0.519,0.375,35859950,35561168.68,-298781.3200000003
Giannis Antetokounmpo,30,PF,67,34.2,30.4,11.9,6.5,0.9,1.2,0.601,0.222,48787676,46300497.59,-2487178.4099999964
Nikola Jokic,29,C,70,36.7,29.6,12.7,10.2,1.8,0.6,0.576,0.417,51415938,47825277.62,-3590660.3800000027
Luka Doncic,25,PG,50,35.4,28.2,8.2,7.7,1.8,0.4,0.45,0.368,43031940,39508307.38,-3523632.6199999973
Anthony Edwards,23,SG,79,36.3,27.6,5.7,4.5,1.2,0.6,0.447,0.395,42176400,33683994.49,-8492405.509999998
Jayson Tatum,26,PF,72,36.4,26.8,8.7,6.0,1.1,0.5,0.452,0.343,34848340,35995553.5,1147213.5
Kevin Durant,36,PF,62,36.5,26.6,6.0,4.2,0.8,1.2,0.527,0.43,51179021,48894077.29,-2284943.710000001
Tyrese Maxey,24,PG,52,37.7,26.3,3.3,6.1,1.8,0.4,0.437,0.337,35147000,33586205.49,-1560794.509999998
Cade Cunningham,23,PG,70,35.0,26.1,6.1,9.1,1.0,0.8,0.469,0.356,13940809,19380188.84,5439379.84
Jalen Brunson,28,PG,65,35.4,26.0,2.9,7.3,0.9,0.1,0.488,0.383,24960001,32859834.27,7899833.27
Paolo Banchero,22,PF,46,34.4,25.9,7.5,4.8,0.8,0.6,0.452,0.32,12160800,15508765.06,3347965.0600000005
Devin Booker,28,SG,75,37.3,25.6,4.1,7.1,0.9,0.2,0.461,0.332,49205800,43306721.37,-5899078.630000003
LaMelo Ball,23,PG,47,32.0,25.2,4.9,7.4,1.1,0.3,0.405,0.339,35147000,29793541.73,-5353458.27
Damian Lillard,34,PG,58,36.1,24.9,4.7,7.1,1.2,0.2,0.448,0.376,48787676,47563852.34,-1223823.6599999964
Anthony Davis,31,PF,51,33.5,24.7,11.6,3.5,1.2,2.2,0.516,0.282,43219440,42689615.82,-529824.1799999997
Kyrie Irving,32,SG,50,36.1,24.7,4.8,4.6,1.3,0.5,0.473,0.401,41000000,43148296.69,2148296.6899999976
Zion Williamson,24,PF,30,28.6,24.6,7.2,5.3,1.2,0.9,0.567,0.231,36725670,29535089.73,-7190580.27
Stephen Curry,36,PG,70,32.2,24.5,4.4,6.0,1.1,0.4,0.448,0.397,55761216,50466986.39,-5294229.609999999
LeBron James,40,SF,70,34.9,24.4,7.8,8.2,1.0,0.6,0.513,0.376,48728845,49337252.58,608407.5799999982
Karl-Anthony Towns,29,C,72,35.0,24.4,12.8,3.1,1.0,0.7,0.526,0.42,49205800,46668611.93,-2537188.0700000003
Victor Wembanyama,21,C,46,33.2,24.3,11.0,3.7,1.1,3.8,0.476,0.352,12768960,12035284.92,-733675.0800000001
Franz Wagner,23,SF,60,33.7,24.2,5.7,4.7,1.3,0.4,0.463,0.295,7007092,9301999.8,2294907.8000000007
Trae Young,26,PG,76,36.0,24.2,3.1,11.6,1.2,0.2,0.411,0.34,43031940,40355151.6,-2676788.3999999985
Donovan Mitchell,28,SG,71,31.4,24.0,4.5,5.0,1.3,0.2,0.443,0.368,35410310,38910167.71,3499857.710000001
Cam Thomas,23,SG,25,31.2,24.0,3.3,3.8,0.6,0.1,0.438,0.349,4041249,8756052.59,4714803.59
Tyler Herro,25,SG,77,35.4,23.9,5.2,5.5,0.9,0.2,0.472,0.375,29000000,31175940.75,2175940.75
Joel Embiid,30,C,19,30.2,23.8,8.2,4.5,0.7,0.9,0.444,0.299,51415938,46359126.3,-5056811.700000003
De'Aaron Fox,27,PG,62,36.1,23.5,4.8,6.3,1.5,0.4,0.463,0.31,34848340,35863127.35,1014787.3500000015
Zach LaVine,29,SF,74,35.2,23.3,4.3,4.2,0.8,0.2,0.511,0.446,44531940,41168464.33,-3363475.670000002
Ja Morant,25,PG,50,30.4,23.2,4.1,7.3,1.2,0.2,0.454,0.309,36725670,36141857.88,-583812.1199999973
James Harden,35,PG,79,35.3,22.8,5.8,8.7,1.5,0.7,0.41,0.352,33653846,36076380.54,2422534.539999999
Jaylen Brown,28,SF,63,34.3,22.2,5.8,4.5,1.2,0.3,0.463,0.324,49205800,42784492.63,-6421307.369999997
DeMar DeRozan,35,SF,77,35.9,22.2,3.9,4.4,0.8,0.4,0.477,0.328,23400000,30423657.71,7023657.710000001
Brandon Ingram,27,SF,18,33.1,22.2,5.6,5.2,0.9,0.6,0.465,0.374,36016200,34862961.08,-1153238.9200000018
Jaren Jackson Jr.,25,C,74,29.8,22.2,5.6,2.0,1.2,1.5,0.488,0.375,25257798,28845661.6,3587863.6000000015
Norman Powell,31,SG,60,32.6,21.8,3.2,2.1,1.2,0.2,0.484,0.418,19241379,26270928.34,7029549.34
Jalen Williams,23,SG,69,32.4,21.6,5.3,5.1,1.6,0.7,0.484,0.365,4775760,7400244.92,2624484.92
Kawhi Leonard,33,SF,37,31.9,21.5,5.9,3.1,1.6,0.5,0.498,0.411,49205800,45498780.54,-3707019.460000001
Jamal Murray,27,PG,67,36.1,21.4,3.9,6.0,1.4,0.5,0.474,0.393,36016200,36094593.43,78393.4299999997
Trey Murphy III,24,SF,53,35.0,21.2,5.1,3.5,1.1,0.7,0.454,0.361,5159854,15362542.3,10202688.3
RJ Barrett,24,SF,58,32.2,21.1,6.3,5.4,0.8,0.3,0.468,0.35,25794643,23513050.55,-2281592.4499999993
CJ McCollum,33,PG,56,32.7,21.1,3.8,4.1,0.8,0.4,0.444,0.373,33333333,32460844.34,-872488.6600000001
Jalen Green,22,SG,82,32.9,21.0,4.6,3.4,0.9,0.3,0.423,0.354,12483048,13348135.35,865087.3499999996
Brandon Miller,22,SF,27,34.2,21.0,4.9,3.6,1.1,0.7,0.403,0.355,11424600,11357107.92,-67492.08000000007
Darius Garland,25,PG,75,30.7,20.6,2.9,6.7,1.2,0.1,0.472,0.401,36725670,34169315.8,-2556354.200000003
Jordan Poole,25,SG,68,29.4,20.5,3.0,4.5,1.3,0.4,0.432,0.378,29651786,30062693.14,410907.1400000006
Coby White,24,SG,74,33.1,20.4,3.7,4.5,0.9,0.2,0.453,0.37,12000000,14563363.83,2563363.83
Miles Bridges,26,PF,64,31.7,20.3,7.5,3.9,0.7,0.7,0.431,0.313,27173913,29006499.18,1832586.1799999997
Austin Reaves,26,SG,73,34.9,20.2,4.5,5.8,1.1,0.3,0.46,0.377,12976362,21388497.34,8412135.34
Pascal Siakam,30,PF,78,32.7,20.2,6.9,3.4,0.9,0.5,0.519,0.389,42176400,38892136.97,-3284263.030000001
Kristaps Porzingis,29,C,42,28.8,19.5,6.8,2.1,0.7,1.5,0.483,0.412,29268293,31396782.97,2128489.969999999
Scottie Barnes,23,PF,65,32.8,19.3,7.7,5.8,1.4,1.0,0.446,0.271,10130980,11453683.02,1322703.0199999996
Anfernee Simons,25,SG,70,32.7,19.3,2.7,4.8,0.9,0.1,0.426,0.363,25892857,25143623.21,-749233.7899999991
Desmond Bane,26,SG,69,32.0,19.2,6.1,5.3,1.2,0.4,0.484,0.392,34005250,33151403.92,-853846.0799999982
Domantas Sabonis,28,C,70,34.7,19.1,13.9,6.0,0.7,0.4,0.59,0.417,40500000,37983744.6,-2516255.3999999985
Alperen Sengun,22,C,76,31.5,19.1,10.3,4.9,1.1,0.8,0.496,0.233,5424654,8106483.69,2681829.6900000004
John Collins,27,PF,40,30.5,19.0,8.2,2.0,1.0,1.0,0.527,0.399,26580000,30377758.27,3797758.2699999996
Lauri Markkanen,27,PF,47,31.4,19.0,5.9,1.5,0.7,0.4,0.423,0.346,42176400,37188078.85,-4988321.1499999985
Jalen Johnson,23,SF,36,35.7,18.9,10.0,5.0,1.6,1.0,0.5,0.312,4510905,5993339.58,1482434.58
Cameron Johnson,28,PF,57,31.6,18.8,4.3,3.4,0.9,0.4,0.475,0.39,22500000,25688249.21,3188249.210000001
Julius Randle,30,PF,69,32.3,18.7,7.1,4.7,0.7,0.2,0.485,0.344,33073920,34089439.94,1015519.9399999976
Tyrese Haliburton,24,PG,73,33.6,18.6,3.5,9.2,1.4,0.7,0.473,0.388,42176400,34776610.41,-7399789.590000004
Evan Mobley,23,PF,71,30.5,18.5,9.3,3.2,0.9,1.6,0.557,0.37,11227657,10902666.28,-324990.72000000067
Shaedon Sharpe,21,SG,72,31.3,18.5,4.5,2.8,0.9,0.2,0.452,0.311,6614160,8384461.8,1770301.7999999998
Nikola Vucevic,34,C,73,31.2,18.5,10.1,3.5,0.8,0.7,0.53,0.402,20000000,28951653.79,8951653.79
Collin Sexton,26,SG,63,27.9,18.4,2.7,4.2,0.7,0.1,0.48,0.406,18350000,20705020.37,2355020.370000001
Michael Porter Jr.,26,SF,77,33.7,18.2,7.0,2.1,0.6,0.5,0.504,0.395,35859950,31638052.0,-4221898.0
Bam Adebayo,27,C,78,34.3,18.1,9.6,4.3,1.3,0.7,0.485,0.357,34848340,32779426.73,-2068913.2699999996
Andrew Wiggins,29,SF,60,30.7,18.0,4.5,2.6,1.0,0.8,0.448,0.374,26276786,27460303.15,1183517.1499999985
OG Anunoby,27,PF,74,36.6,18.0,4.8,2.2,1.5,0.9,0.476,0.372,36637932,33347105.86,-3290826.1400000006
Mikal Bridges,28,SF,82,37.0,17.6,3.2,3.7,0.9,0.5,0.5,0.354,23300000,24749436.9,1449436.8999999985
Jaden Ivey,22,SG,30,29.9,17.6,4.1,4.0,0.9,0.4,0.46,0.409,7977240,10427663.02,2450423.0199999996
Jimmy Butler,35,SF,55,31.7,17.5,5.4,5.4,1.4,0.3,0.504,0.308,48798677,44360705.38,-4437971.619999997
Dejounte Murray,28,PG,31,32.6,17.5,6.5,7.4,2.0,0.4,0.393,0.299,29517135,33458725.26,3941590.2600000016
Malik Monk,26,SG,65,31.6,17.2,3.8,5.6,0.9,0.6,0.439,0.325,17405203,21465442.23,4060239.2300000004
Immanuel Quickley,25,PG,33,27.8,17.1,3.5,5.8,0.7,0.1,0.42,0.378,32500000,29296802.16,-3203197.84
De'Andre Hunter,27,SF,64,27.2,17.0,4.0,1.4,0.8,0.2,0.47,0.405,21696429,22086949.32,390520.3200000003
Bradley Beal,31,SG,53,32.1,17.0,3.3,3.7,1.1,0.5,0.497,0.386,50203930,41763378.55,-8440551.450000003
Deni Avdija,24,SF,72,30.0,16.9,7.3,3.9,1.0,0.5,0.476,0.365,15625000,17791227.47,2166227.469999999
Keyonte George,21,PG,67,31.5,16.8,3.8,5.6,0.7,0.1,0.391,0.343,4084200,8215017.8,4130817.8
Ivica Zubac,27,C,80,32.8,16.8,12.6,2.7,0.7,1.1,0.628,,11743210,17740886.47,5997676.469999999
Derrick White,30,SG,76,33.9,16.4,4.5,4.8,0.9,1.1,0.442,0.384,20071429,22176107.69,2104678.6900000013
Malik Beasley,28,SG,82,27.8,16.3,2.6,1.7,0.9,0.1,0.43,0.416,6000000,11140141.0,5140141.0
Devin Vassell,24,SG,64,31.0,16.3,4.0,2.9,1.3,0.5,0.443,0.368,29347826,22433737.64,-6914088.359999999
Jordan Clarkson,32,SG,37,26.0,16.2,3.2,3.7,0.8,0.2,0.408,0.362,14092577,20111939.28,6019362.280000001
Paul George,34,PF,41,32.5,16.2,5.3,4.3,1.8,0.5,0.43,0.358,49205800,42818028.07,-6387771.93
Jalen Suggs,23,PG,35,28.6,16.2,4.0,3.7,1.5,0.9,0.41,0.314,9188385,10015082.05,826697.0500000007
Bennedict Mathurin,22,SF,72,29.8,16.1,5.3,1.9,0.7,0.3,0.458,0.34,7245720,8126035.8,880315.7999999998
Myles Turner,28,C,72,30.2,15.6,6.5,1.5,0.8,2.0,0.481,0.396,19928500,18354570.04,-1573929.960000001
Christian Braun,23,SG,79,33.9,15.4,5.2,2.6,1.1,0.5,0.58,0.397,3089640,4725407.49,1635767.4900000002
Jonathan Kuminga,22,PF,47,24.3,15.3,4.6,2.2,0.8,0.4,0.454,0.305,7636307,7439006.02,-197300.98000000045
Jared McCain,20,SG,23,25.7,15.3,2.4,2.6,0.7,0.0,0.46,0.383,4020360,4728260.66,707900.6600000001
Mark Williams,23,C,44,26.6,15.3,10.2,2.5,0.7,1.2,0.604,0.0,4094280,5496038.1,1401758.0999999996
Kelly Oubre Jr.,29,SF,60,34.6,15.1,6.1,1.8,1.5,0.5,0.47,0.293,7983000,12553757.84,4570757.84
Chet Holmgren,22,C,32,27.4,15.0,8.0,2.0,0.7,2.2,0.49,0.379,10880640,9814206.55,-1066433.4499999993
Kyle Kuzma,29,PF,65,29.8,14.8,5.7,2.3,0.6,0.3,0.436,0.307,24456061,22593650.2,-1862410.8000000007
Stephon Castle,20,PG,81,26.7,14.7,3.7,4.1,0.9,0.3,0.428,0.285,9105120,9453943.13,348823.1300000008
Aaron Gordon,29,PF,51,28.4,14.7,4.8,3.2,0.5,0.3,0.531,0.436,22841455,20932965.21,-1908489.789999999
P.J. Washington,26,PF,57,32.2,14.7,7.8,2.3,1.1,1.1,0.453,0.381,15500000,16817855.1,1317855.1000000015
Quentin Grimes,24,SG,75,26.8,14.6,4.3,3.0,1.0,0.3,0.467,0.385,4296682,6071288.91,1774606.9100000001
Josh Giddey,22,PG,70,30.2,14.6,8.1,7.2,1.2,0.6,0.465,0.378,8352367,9027560.74,675193.7400000002
Jakob Poeltl,29,C,57,29.6,14.5,9.6,2.8,1.2,1.2,0.627,0.333,19500000,20986072.01,1486072.0100000016
Deandre Ayton,26,C,40,30.2,14.4,10.2,1.6,0.8,1.0,0.566,0.188,34005126,28680426.5,-5324699.5
Gradey Dick,21,SG,54,29.4,14.4,3.6,1.8,0.9,0.2,0.41,0.35,4763760,5856099.92,1092339.92
Jerami Grant,30,PF,47,32.4,14.4,3.5,2.1,0.9,1.0,0.373,0.365,29793104,27331407.21,-2461696.789999999
Payton Pritchard,27,PG,80,28.4,14.3,3.8,3.5,0.9,0.2,0.472,0.407,6696429,8204468.51,1508039.5099999998
Naz Reid,25,C,80,27.5,14.2,6.0,2.3,0.7,0.9,0.462,0.379,13986432,15243999.67,1257567.67
Dyson Daniels,21,SG,76,33.8,14.1,5.9,4.4,3.0,0.7,0.493,0.34,6059520,7488882.07,1429362.0700000003
Tre Mann,23,PG,13,24.5,14.1,2.9,3.0,0.5,0.3,0.435,0.4,4908373,4656222.15,-252150.84999999963
Amen Thompson,22,SF,69,32.2,14.1,8.2,3.8,1.4,1.3,0.557,0.275,9249960,8777929.46,-472030.5399999991
Fred VanVleet,30,PG,60,35.2,14.1,3.7,5.6,1.6,0.4,0.378,0.345,42846615,32997600.2,-9849014.8
Dillon Brooks,29,SF,75,31.8,14.0,3.7,1.7,0.8,0.2,0.429,0.397,22255493,18353407.56,-3902085.4400000013
Klay Thompson,34,SF,72,27.3,14.0,3.4,2.0,0.7,0.4,0.412,0.391,15873016,17185957.91,1312941.9100000001
Bobby Portis,29,PF,49,25.4,13.9,8.4,2.1,0.7,0.5,0.466,0.365,12578286,14779531.43,2201245.4299999997
Tobias Harris,32,PF,73,31.6,13.7,5.9,2.2,1.0,0.8,0.477,0.345,25365854,22500677.98,-2865176.0199999996
Josh Hart,29,SG,77,37.6,13.6,9.6,5.9,1.5,0.4,0.525,0.333,18144000,15904066.7,-2239933.3000000007
Jarrett Allen,26,C,82,28.0,13.5,9.7,1.9,0.9,0.9,0.706,0.0,20000000,20700761.81,700761.8099999987
Onyeka Okongwu,24,C,74,27.9,13.4,8.9,2.3,0.9,0.9,0.567,0.324,14000000,12730352.85,-1269647.1500000004
Russell Westbrook,36,PG,75,27.9,13.3,4.9,6.1,1.4,0.5,0.449,0.323,5631296,10330229.24,4698933.24
Russell Westbrook,36,PG,75,27.9,13.3,4.9,6.1,1.4,0.5,0.449,0.323,5631296,10330229.24,4698933.24
Naji Marshall,27,SF,69,27.8,13.2,4.8,3.0,1.0,0.2,0.508,0.275,8571429,10144102.96,1572673.960000001
Dennis Schroder,31,PG,75,28.1,13.1,2.6,5.4,0.9,0.2,0.406,0.342,13025250,14055699.33,1030449.3300000001
Rui Hachimura,26,PF,59,31.7,13.1,5.0,1.4,0.8,0.4,0.509,0.413,17000000,15101614.86,-1898385.1400000006
Brook Lopez,36,C,80,31.8,13.0,5.0,1.8,0.6,1.9,0.509,0.373,23000000,20879439.73,-2120560.2699999996
Alex Sarr,19,C,67,27.1,13.0,6.5,2.4,0.7,1.5,0.394,0.308,11245680,10554493.41,-691186.5899999999
Moritz Wagner,27,C,30,18.8,12.9,4.9,1.4,0.8,0.4,0.562,0.36,11000000,12259004.15,1259004.1500000004
Malcolm Brogdon,32,PG,24,23.5,12.7,3.8,4.1,0.5,0.2,0.433,0.286,22500000,21587032.72,-912967.2800000012
Scoot Henderson,20,PG,66,26.7,12.7,3.0,5.1,1.0,0.2,0.419,0.354,10259160,8632365.5,-1626794.5
Keldon Johnson,25,SF,77,23.9,12.7,4.8,1.6,0.6,0.3,0.482,0.318,19000000,15536182.7,-3463817.3000000007
D'Angelo Russell,28,PG,58,25.5,12.6,2.8,5.1,1.0,0.4,0.39,0.314,18692307,16250505.36,-2441801.6400000006
Zaccharie Risacher,19,SF,75,24.6,12.6,3.6,1.2,0.7,0.5,0.458,0.355,12569040,10579807.14,-1989232.8599999994
Santi Aldama,24,PF,65,25.5,12.5,6.4,2.9,0.8,0.4,0.483,0.368,3960531,6119373.58,2158842.58
Ty Jerome,27,SG,70,19.9,12.5,2.5,3.4,1.1,0.0,0.516,0.439,2560975,4293976.62,1733001.62
Keegan Murray,24,PF,76,34.3,12.4,6.7,1.4,0.8,0.9,0.444,0.343,8809560,9990501.18,1180941.1799999997
Lonnie Walker IV,26,SG,20,23.9,12.4,3.2,2.5,0.5,0.3,0.42,0.354,780932,5497980.66,4717048.66
Harrison Barnes,32,PF,82,27.2,12.3,3.8,1.7,0.5,0.2,0.508,0.433,18000000,17412774.71,-587225.2899999991
Bilal Coulibaly,20,SF,59,33.0,12.3,5.0,3.4,1.3,0.7,0.421,0.281,6945240,7496492.93,551252.9299999997
Ayo Dosunmu,25,SG,46,30.3,12.3,3.5,4.5,0.9,0.4,0.492,0.328,7000000,8238335.69,1238335.6900000004
Daniel Gafford,26,C,57,21.5,12.3,6.8,1.4,0.4,1.8,0.702,,13394160,16142929.14,2748769.1400000006
Jaden McDaniels,24,PF,82,31.9,12.2,5.7,2.0,1.3,0.9,0.477,0.33,23017242,16191227.93,-6826014.07
Jabari Smith Jr.,21,PF,57,30.1,12.2,7.0,1.1,0.4,0.7,0.438,0.354,9770880,9027079.16,-743800.8399999999
Caris LeVert,30,SG,64,24.9,12.1,3.2,3.4,0.9,0.5,0.467,0.373,16615384,17329046.34,713662.3399999999
Drew Timme,24,PF,9,28.2,12.1,7.2,2.2,0.4,0.1,0.441,0.257,113055,3930611.64,3817556.64
Tari Eason,23,PF,57,24.9,12.0,6.4,1.5,1.7,0.9,0.487,0.342,3695160,5404015.59,1708855.5899999999
Rudy Gobert,32,C,72,33.2,12.0,10.9,1.8,0.8,1.4,0.669,,43827586,36749613.76,-7077972.240000002
Aaron Nesmith,25,SF,45,25.0,12.0,4.0,1.2,0.8,0.4,0.507,0.431,11000000,11132831.65,132831.65000000037
Aaron Wiggins,26,SG,76,22.9,12.0,3.9,1.8,0.8,0.2,0.488,0.383,10514017,10605912.57,91895.5700000003
Khris Middleton,33,SF,37,22.8,11.9,3.7,4.1,0.9,0.2,0.475,0.361,31000000,25805107.15,-5194892.8500000015
Jalen Duren,21,C,78,26.1,11.8,10.3,2.7,0.7,1.1,0.692,,4536840,6496240.19,1959400.1900000004
Donte DiVincenzo,28,SG,62,25.9,11.7,3.7,3.6,1.2,0.3,0.422,0.397,11445000,12555679.97,1110679.9700000007
Brandin Podziemski,21,SG,64,26.8,11.7,5.1,3.4,1.1,0.2,0.445,0.372,3519960,3939387.36,419427.35999999987
Corey Kispert,25,SF,61,26.3,11.6,3.0,1.7,0.4,0.2,0.451,0.364,5705887,6622458.34,916571.3399999999
Jeremy Sochan,21,PF,54,25.3,11.4,6.5,2.4,0.8,0.5,0.535,0.308,5570040,5289063.71,-280976.29000000004
Toumani Camara,24,PF,78,32.7,11.3,5.8,2.2,1.5,0.6,0.458,0.375,1891857,4805858.58,2914001.58
Isaiah Hartenstein,26,C,57,27.9,11.2,10.7,3.8,0.8,1.1,0.581,0.0,30000000,27579653.35,-2420346.6499999985
Buddy Hield,32,SG,82,22.7,11.1,3.2,1.6,0.8,0.3,0.417,0.37,8780488,10606230.73,1825742.7300000004
Jrue Holiday,34,PG,62,30.6,11.1,4.3,3.9,1.1,0.4,0.443,0.353,30000000,24674248.17,-5325751.829999998
Walker Kessler,23,C,58,30.0,11.1,12.2,1.7,0.6,2.4,0.663,0.176,2965920,4819427.58,1853507.58
Gary Trent Jr.,26,SG,74,25.6,11.1,2.3,1.2,1.0,0.1,0.431,0.416,2087519,5559477.07,3471958.0700000003
Spencer Dinwiddie,31,PG,79,27.0,11.0,2.6,4.4,0.9,0.2,0.416,0.334,2087519,7420544.73,5333025.73
Tim Hardaway Jr.,32,SG,77,28.0,11.0,2.4,1.6,0.5,0.1,0.406,0.368,16193183,14547043.11,-1646139.8900000006
Duncan Robinson,30,SF,74,24.1,11.0,2.3,2.4,0.5,0.1,0.437,0.393,19406000,16800731.6,-2605268.3999999985
Guerschon Yabusele,29,C,70,27.1,11.0,5.6,2.1,0.8,0.3,0.501,0.38,2087519,6797155.44,4709636.44
Brice Sensabaugh,21,SF,71,20.2,10.9,3.0,1.5,0.6,0.1,0.459,0.422,2571480,2946300.89,374820.89000000013
Bogdan Bogdanovic,32,SG,54,25.0,10.8,2.9,2.7,0.8,0.2,0.427,0.363,17260000,16201448.23,-1058551.7699999996
Jordan Hawkins,22,SG,56,23.6,10.8,2.8,1.2,0.5,0.4,0.372,0.331,4525680,4340500.12,-185179.8799999999
Brandon Boston Jr.,23,SG,42,23.6,10.7,3.2,2.2,1.3,0.2,0.436,0.35,596581,1901097.03,1304516.03
Grayson Allen,29,SG,64,24.1,10.6,3.0,2.1,0.8,0.3,0.448,0.426,15625000,14204522.78,-1420477.2200000007
Keon Johnson,22,SG,79,24.4,10.6,3.8,2.2,1.0,0.4,0.389,0.314,2162606,3448455.46,1285849.46
Terry Rozier,30,PG,64,25.9,10.6,3.7,2.6,0.6,0.2,0.391,0.295,24924126,22071472.52,-2852653.4800000004
Obi Toppin,26,PF,79,19.6,10.5,4.0,1.6,0.6,0.4,0.529,0.365,12975000,11675065.96,-1299934.039999999
Jonas Valanciunas,32,C,81,18.8,10.4,7.7,2.0,0.5,0.6,0.55,0.216,9900000,11651934.41,1751934.4100000001
Ochai Agbaji,24,SG,64,27.2,10.4,3.8,1.5,0.9,0.5,0.498,0.399,4310280,5561985.82,1251705.8200000003
Jaylen Wells,21,SG,79,25.9,10.4,3.4,1.7,0.6,0.1,0.425,0.352,1157153,1716766.6,559613.6000000001
Grant Williams,26,PF,16,29.9,10.4,5.1,2.3,1.1,0.8,0.439,0.365,13025250,12620801.63,-404448.3699999992
Kevin Porter Jr.,24,SG,75,19.8,10.3,3.7,3.4,1.1,0.2,0.449,0.311,3366937,3366565.21,-371.79000000003725
Kevin Porter Jr.,24,SG,75,19.8,10.3,3.7,3.4,1.1,0.2,0.449,0.311,3366937,3366565.21,-371.79000000003725
Jose Alvarado,26,PG,56,24.4,10.3,2.4,4.6,1.3,0.3,0.392,0.359,1988598,5394816.46,3406218.46
Nic Claxton,25,C,70,26.9,10.3,7.4,2.2,0.9,1.4,0.563,0.238,27556817,20073423.2,-7483393.800000001
Herbert Jones,26,SF,20,32.4,10.3,3.9,3.3,1.9,0.5,0.436,0.306,12976362,13169286.84,192924.83999999985
De'Anthony Melton,26,SG,6,20.2,10.3,3.3,2.8,1.2,0.3,0.407,0.371,12822000,10718615.68,-2103384.3200000003
Isaiah Joe,25,SG,74,21.7,10.2,2.6,1.6,0.6,0.1,0.44,0.412,12991650,9511760.11,-3479889.8900000006
Tyus Jones,28,PG,81,26.8,10.2,2.4,5.3,0.9,0.1,0.448,0.414,2087519,5671627.4,3584108.4000000004
Trendon Watford,24,PF,44,20.8,10.2,3.6,2.6,0.6,0.3,0.469,0.33,2726603,3316821.17,590218.1699999999
Luguentz Dort,25,SF,71,29.2,10.1,4.1,1.6,1.1,0.5,0.435,0.412,16500000,14087479.14,-2412520.8599999994
Justin Edwards,21,SF,44,26.3,10.1,3.4,1.6,1.0,0.4,0.455,0.363,425619,1986572.7,1560953.7
Derrick Jones Jr.,27,SF,77,24.3,10.1,3.4,0.8,1.0,0.4,0.526,0.356,9523810,8581077.75,-942732.25
Ausar Thompson,22,SF,59,22.5,10.1,5.1,2.3,1.7,0.7,0.535,0.224,8376000,7258547.95,-1117452.0499999998
Chris Boucher,32,PF,50,17.2,10.0,4.5,0.7,0.5,0.5,0.492,0.363,10810000,10245366.17,-564633.8300000001
Andrew Nembhard,25,SG,65,28.9,10.0,3.3,5.0,1.2,0.2,0.458,0.291,2019699,5302031.72,3282332.7199999997
Ziaire Williams,23,SF,63,24.5,10.0,4.6,1.3,1.0,0.4,0.412,0.341,6133005,5710696.5,-422308.5
Kevin Huerter,26,SG,69,24.3,9.9,3.0,2.3,1.0,0.3,0.425,0.338,16830357,12588367.37,-4241989.630000001
Georges Niang,31,PF,79,21.5,9.9,3.4,1.4,0.4,0.2,0.461,0.406,8500000,8414197.63,-85802.36999999918
Julian Champagnie,23,SF,82,23.6,9.9,3.9,1.4,0.7,0.4,0.415,0.371,3000000,4061142.73,1061142.73
Scotty Pippen Jr.,24,PG,79,21.3,9.9,3.3,4.4,1.3,0.4,0.48,0.397,2087519,4273436.59,2185917.59
Nick Smith Jr.,20,SG,60,22.8,9.9,2.1,2.4,0.3,0.1,0.391,0.34,2587200,3392411.63,805211.6299999999
Bub Carrington,19,PG,82,30.0,9.8,4.2,4.4,0.7,0.3,0.401,0.339,4454880,4746249.72,291369.71999999974
Moses Moody,22,SG,74,22.3,9.8,2.6,1.3,0.8,0.4,0.433,0.374,5803269,5500771.44,-302497.5599999996
Amir Coffey,27,SG,72,24.3,9.7,2.2,1.1,0.6,0.1,0.471,0.409,3938271,4527031.24,588760.2400000002
Max Christie,21,SG,78,27.3,9.6,3.3,1.9,0.8,0.4,0.427,0.366,7142857,6277515.77,-865341.2300000004
Kyle Filipowski,21,C,72,21.1,9.6,6.1,1.9,0.7,0.3,0.502,0.35,3000000,3579793.49,579793.4900000002
Miles McBride,24,PG,64,24.9,9.5,2.5,2.9,1.0,0.3,0.406,0.369,4710144,5397172.62,687028.6200000001
Jalen Wilson,24,PF,79,25.7,9.5,3.4,1.8,0.5,0.1,0.397,0.337,1891857,2533013.88,641156.8799999999
Nickeil Alexander-Walker,26,SG,82,25.3,9.4,3.2,2.7,0.6,0.4,0.438,0.381,4312500,5491190.78,1178690.7800000003
Cole Anthony,24,PG,67,18.4,9.4,3.0,2.9,0.7,0.5,0.424,0.353,12900000,11012508.07,-1887491.9299999997
Anthony Black,21,PG,78,24.2,9.4,2.9,3.1,1.1,0.6,0.423,0.318,7607760,8328392.93,720632.9299999997
Max Strus,28,SF,50,25.5,9.4,4.3,3.2,0.5,0.2,0.442,0.386,15212068,12813419.62,-2398648.380000001
Cam Whitmore,20,SF,51,16.2,9.4,3.0,1.0,0.6,0.3,0.444,0.355,3379080,3835396.81,456316.81000000006
Nick Richards,27,C,57,22.0,9.3,8.2,0.9,0.2,1.0,0.591,0.0,5000000,7600133.98,2600133.9800000004
Kel'el Ware,20,C,64,22.2,9.3,7.4,0.9,0.6,1.1,0.554,0.315,4231800,4375860.46,144060.45999999996
Zach Edey,22,C,66,21.5,9.2,8.3,1.0,0.5,1.3,0.58,0.346,5756880,4999637.83,-757242.1699999999
Wendell Carter Jr.,25,C,68,25.9,9.1,7.2,2.0,0.8,0.6,0.46,0.234,11950000,10935075.31,-1014924.6899999995
Noah Clowney,20,PF,46,22.7,9.1,3.9,0.9,0.5,0.5,0.358,0.333,3244080,3882943.81,638863.81
Dalton Knecht,23,SF,78,19.2,9.1,2.8,0.8,0.3,0.1,0.461,0.376,3819120,3578393.55,-240726.4500000002
A.J. Lawson,24,SG,26,18.7,9.1,3.3,1.2,0.5,0.2,0.421,0.327,100000,966936.58,866936.58
T.J. McConnell,32,PG,79,17.9,9.1,2.4,4.4,1.1,0.3,0.519,0.306,9300000,10717905.63,1417905.6300000008
Yves Missi,20,C,73,26.8,9.1,8.2,1.4,0.5,1.3,0.547,0.0,3193200,4075873.64,882673.6400000001
Royce O'Neale,31,SF,75,24.5,9.1,4.7,2.2,0.9,0.5,0.423,0.406,9375000,10686895.66,1311895.6600000001
Jared Butler,24,SG,60,17.4,9.0,1.8,3.7,0.7,0.2,0.448,0.355,745726,2568195.36,1822469.3599999999
Marcus Smart,30,PG,34,20.0,9.0,2.1,3.2,1.1,0.3,0.393,0.348,20210284,17601325.79,-2608958.210000001
Draymond Green,34,PF,68,29.2,9.0,6.1,5.6,1.5,1.0,0.424,0.325,24107143,22008245.13,-2098897.870000001
Killian Hayes,23,PG,6,27.0,9.0,3.0,5.2,0.7,0.7,0.419,0.381,119972,1369529.6,1249557.6
Al Horford,38,C,60,27.7,9.0,6.2,2.1,0.6,0.9,0.423,0.363,9500000,10415336.48,915336.4800000004
Julian Strawther,22,SG,65,21.3,9.0,2.2,1.3,0.6,0.2,0.432,0.349,2552520,2977514.62,424994.6200000001
Patrick Williams,23,PF,63,25.0,9.0,3.8,2.0,0.8,0.5,0.397,0.353,18000000,13421190.7,-4578809.300000001
Jusuf Nurkic,30,C,51,20.8,8.9,7.8,2.3,0.8,0.7,0.477,0.305,18125000,16994721.53,-1130278.4699999988
Clint Capela,30,C,55,21.4,8.9,8.5,1.1,0.6,1.0,0.559,0.0,22265280,18074829.48,-4190450.5199999996
Johnny Juzang,23,SG,64,19.8,8.9,2.9,1.1,0.6,0.1,0.429,0.376,3087519,3000370.36,-87148.64000000013
Luke Kennard,28,SG,65,22.6,8.9,2.8,3.3,0.8,0.1,0.478,0.433,9250000,9087924.82,-162075.1799999997
Justin Champagnie,23,SF,62,21.6,8.8,5.7,1.0,1.0,0.6,0.511,0.383,1800000,2796079.52,996079.52
Svi Mykhailiuk,27,SF,38,20.0,8.8,2.4,2.0,0.5,0.2,0.391,0.345,3500000,4921196.43,1421196.4299999997
Chris Paul,39,PG,82,28.0,8.8,3.6,7.4,1.3,0.3,0.427,0.377,10460000,10517240.67,57240.669999999925
Kelly Olynyk,33,C,44,20.3,8.7,4.7,2.9,0.8,0.4,0.5,0.418,12804878,12310987.78,-493890.22000000067
Dorian Finney-Smith,31,PF,63,28.9,8.7,3.9,1.4,0.9,0.4,0.448,0.411,14924167,12705073.65,-2219093.3499999996
Oshae Brissett,26,SF,6,23.7,8.7,3.7,0.7,0.7,0.5,0.487,0.333,119972,2209137.89,2089165.8900000001
Kentavious Caldwell-Pope,31,SG,77,29.6,8.7,2.2,1.8,1.3,0.4,0.439,0.342,22757000,19018753.68,-3738246.3200000003
Isaiah Collier,20,PG,71,25.9,8.7,3.3,6.3,0.9,0.2,0.422,0.249,2512680,4782867.98,2270187.9800000004
Dante Exum,29,PG,20,18.6,8.7,1.7,2.8,0.6,0.2,0.478,0.434,3150000,4106894.8,956894.7999999998
Kyshawn George,21,SG,68,26.5,8.7,4.2,2.5,1.0,0.7,0.372,0.322,2825520,5731387.35,2905867.3499999996
Jaden Hardy,22,SG,57,15.9,8.7,1.6,1.4,0.5,0.1,0.435,0.386,2019699,2091851.7,72152.69999999995
Dereck Lively II,20,C,36,23.1,8.7,7.5,2.4,0.6,1.6,0.702,,5014560,5095271.51,80711.50999999978
Tyrese Martin,25,SG,60,21.9,8.7,3.7,2.0,0.6,0.2,0.406,0.351,635853,2271415.66,1635562.6600000001
Matas Buzelis,20,SF,80,18.9,8.6,3.5,1.0,0.4,0.9,0.454,0.361,5195520,5172748.87,-22771.12999999989
Jaime Jaquez Jr.,23,SF,66,20.7,8.6,4.4,2.5,0.9,0.2,0.461,0.311,3685800,3620622.76,-65177.24000000022
Ja'Kobe Walter,20,SG,52,21.2,8.6,3.1,1.6,0.8,0.2,0.405,0.349,3465000,3717539.92,252539.91999999993
Sam Hauser,27,PF,71,21.7,8.5,3.2,0.9,0.6,0.2,0.451,0.416,2092344,3877315.97,1784971.9700000002
Larry Nance Jr.,32,PF,24,19.3,8.5,4.3,1.6,0.8,0.5,0.516,0.447,11205000,10137445.11,-1067554.8900000006
Jared Rhoden,25,SG,14,16.2,8.4,3.0,1.1,0.7,0.1,0.483,0.308,119972,669527.35,549555.35
Jaylen Nowell,25,SG,8,21.0,8.4,2.5,2.3,0.1,0.5,0.356,0.296,446743,511318.66,64575.659999999974
Jaylen Nowell,25,SG,8,21.0,8.4,2.5,2.3,0.1,0.5,0.356,0.296,446743,511318.66,64575.659999999974
Cason Wallace,21,SG,68,27.6,8.4,3.4,2.5,1.8,0.5,0.474,0.356,5555880,5455324.62,-100555.37999999989
Bruce Brown,28,PG,41,22.5,8.3,4.0,2.0,0.8,0.2,0.421,0.333,23000000,18116649.21,-4883350.789999999
Dalano Banton,25,PG,67,16.7,8.3,2.0,2.4,0.6,0.5,0.391,0.324,2196970,3606845.56,1409875.56
Brandon Clarke,28,PF,64,18.9,8.3,5.1,1.0,0.8,0.6,0.621,0.059,12500000,12712418.79,212418.7899999991
Keon Ellis,25,SG,80,24.4,8.3,2.7,1.5,1.5,0.8,0.489,0.433,2120693,4811049.9,2690356.9000000004
Brandon Williams,25,PG,33,14.8,8.3,1.8,2.3,0.7,0.2,0.521,0.4,47989,1372745.09,1324756.09
Mike Conley,37,PG,71,24.7,8.2,2.6,4.5,1.1,0.2,0.4,0.41,9975962,9932481.54,-43480.460000000894
Taurean Prince,30,SF,80,27.1,8.2,3.6,1.9,1.0,0.2,0.457,0.439,2087519,5059304.19,2971785.1900000004
Jalen Smith,24,C,64,15.0,8.2,5.6,1.0,0.3,0.7,0.466,0.324,8571429,6848846.79,-1722582.21
Quinten Post,24,PF,42,16.3,8.1,3.5,1.3,0.4,0.4,0.449,0.408,438920,1323516.3,884596.3
Peyton Watson,22,SF,68,24.4,8.1,3.4,1.4,0.7,1.4,0.477,0.353,2413560,4370242.41,1956682.4100000001
Davion Mitchell,26,PG,74,27.4,7.9,2.3,4.9,1.0,0.2,0.468,0.398,6451077,6912327.63,461250.6299999999
Caleb Martin,29,SF,45,27.1,7.9,3.9,2.1,1.0,0.5,0.424,0.359,9186594,10182445.54,995851.5399999991
Day'Ron Sharpe,23,C,50,18.1,7.9,6.6,1.8,0.8,0.8,0.521,0.244,3989122,4329335.31,340213.3099999996
Terance Mann,28,SG,67,21.1,7.7,3.0,1.8,0.7,0.2,0.496,0.368,11423077,9776276.38,-1646800.6199999992
Karlo Matkovic,23,PF,42,18.8,7.7,5.0,1.1,0.5,1.0,0.574,0.318,1407153,2157727.96,750574.96
AJ Johnson,20,SG,29,22.0,7.6,2.0,2.6,0.4,0.1,0.385,0.267,2795294,2911538.45,116244.45000000019
Lonzo Ball,27,PG,35,22.2,7.6,3.4,3.3,1.3,0.5,0.366,0.344,21395348,16612308.92,-4783039.08
Garrison Mathews,28,SG,47,17.7,7.5,1.9,1.3,0.6,0.3,0.397,0.39,2230253,3459103.94,1228850.94
Matisse Thybulle,27,SG,15,20.8,7.5,3.5,1.9,2.2,0.6,0.477,0.438,11025000,9412908.6,-1612091.4000000004
A.J. Green,25,SG,73,22.7,7.4,2.4,1.5,0.5,0.1,0.429,0.427,2120693,3163125.24,1042432.2400000002
Josh Green,24,SG,68,27.8,7.4,2.5,1.6,1.1,0.2,0.428,0.391,12654321,9724786.44,-2929534.5600000005
Richaun Holmes,31,PF,31,17.2,7.4,5.7,1.4,0.3,0.7,0.647,0.0,12648321,10401322.51,-2246998.49
Alec Burks,33,SG,49,17.6,7.3,2.5,1.1,0.6,0.1,0.424,0.425,2087519,3376714.76,1289195.7599999998
Ricky Council IV,23,SF,73,17.1,7.3,2.9,1.3,0.4,0.2,0.382,0.258,1891857,2629263.4,737406.3999999999
Andre Drummond,31,C,40,18.8,7.3,7.8,0.9,1.0,0.5,0.5,0.15,5000000,7370787.71,2370787.71
Tre Jones,25,PG,46,19.7,7.2,2.5,4.2,0.8,0.2,0.538,0.396,9104167,7785771.54,-1318395.46
Goga Bitadze,25,C,70,20.4,7.2,6.6,2.0,0.7,1.4,0.611,0.107,9057971,10585750.9,1527779.9000000004
Tristan Da Silva,23,SF,74,22.0,7.2,3.3,1.5,0.4,0.2,0.412,0.335,3628440,3315701.74,-312738.2599999998
GG Jackson II,20,PF,29,15.8,7.2,3.2,1.0,0.4,0.2,0.372,0.337,1891857,2446438.06,554581.06
Vit Krejci,24,PG,57,20.2,7.2,2.7,2.6,0.6,0.5,0.497,0.437,2162606,2804421.41,641815.4100000001
Sam Merrill,28,SG,71,19.7,7.2,2.2,1.5,0.7,0.2,0.406,0.372,2164993,4401274.56,2236281.5599999996
Nae'Qwan Tomlin,24,PF,5,12.6,7.2,4.2,0.4,0.0,0.2,0.406,0.2,66503,306489.34,239986.34000000003
Josh Okogie,26,SG,40,15.6,7.1,2.8,0.8,1.2,0.5,0.443,0.348,8250000,7152580.32,-1097419.6799999997
Jalen Hood-Schifino,21,SG,15,21.0,7.1,1.8,2.5,0.3,0.5,0.378,0.304,3879840,3283795.45,-596044.5499999998
Jamison Battle,23,SF,59,17.7,7.1,2.7,0.9,0.3,0.2,0.429,0.405,1000000,1652267.09,652267.0900000001
Alex Caruso,30,SG,54,19.3,7.1,2.9,2.5,1.6,0.6,0.446,0.353,9890000,9047885.78,-842114.2200000007
Jamal Shead,22,PG,75,19.6,7.1,1.5,4.2,0.8,0.1,0.405,0.323,1862265,3348870.62,1486605.62
Marcus Garrett,26,SG,4,19.8,7.0,1.5,3.3,0.8,0.5,0.407,0.375,107027,1102805.06,995778.06
Isaiah Jackson,23,C,5,16.8,7.0,5.6,1.0,0.6,1.6,0.609,,4435381,4291188.58,-144192.41999999993
Jaylen Sims,26,SG,6,18.7,7.0,1.0,2.0,0.5,0.2,0.429,0.4,73153,228474.43,155321.43
Jaylen Sims,26,SG,6,18.7,7.0,1.0,2.0,0.5,0.2,0.429,0.4,73153,228474.43,155321.43
Orlando Robinson,24,C,44,17.5,6.9,5.0,1.8,0.4,0.4,0.444,0.327,1691610,1790439.38,98829.37999999989
Orlando Robinson,24,C,44,17.5,6.9,5.0,1.8,0.4,0.4,0.444,0.327,1691610,1790439.38,98829.37999999989
Orlando Robinson,24,C,44,17.5,6.9,5.0,1.8,0.4,0.4,0.444,0.327,1691610,1790439.38,98829.37999999989
Orlando Robinson,24,C,44,17.5,6.9,5.0,1.8,0.4,0.4,0.444,0.327,1691610,1790439.38,98829.37999999989
Jake LaRavia,23,PF,66,20.4,6.9,3.9,2.4,0.9,0.3,0.475,0.423,3352680,3433825.22,81145.2200000002
Ryan Dunn,22,SF,74,19.1,6.9,3.6,0.8,0.6,0.5,0.43,0.311,2530800,3059101.45,528301.4500000002
Jay Huff,26,C,64,11.7,6.9,2.0,0.6,0.3,0.9,0.515,0.405,2088033,2774007.57,685974.5699999998
Cameron Payne,30,PG,72,15.1,6.9,1.4,2.8,0.5,0.2,0.401,0.363,2087519,3904986.79,1817467.79
Antonio Reeves,24,SG,44,15.0,6.9,1.4,0.9,0.5,0.1,0.456,0.395,1157153,1644715.5,487562.5
Cody Martin,29,SF,53,22.1,6.8,4.2,2.0,1.1,0.6,0.418,0.285,8120000,8173617.41,53617.41000000015
Bol Bol,25,PF,36,12.4,6.8,2.9,0.6,0.3,0.7,0.525,0.344,2087519,2855050.03,767531.0299999998
Eric Gordon,36,SG,39,19.7,6.8,1.2,1.7,0.7,0.3,0.426,0.409,3303771,3829995.55,526224.5499999998
Jaxson Hayes,24,C,56,19.5,6.8,4.8,1.0,0.6,0.9,0.722,0.0,2463946,2633695.59,169749.58999999985
Marcus Bagley,23,SF,10,25.3,6.7,7.0,1.0,0.9,1.2,0.391,0.156,126356,1136841.23,1010485.23
Marcus Bagley,23,SF,10,25.3,6.7,7.0,1.0,0.9,1.2,0.391,0.156,126356,1136841.23,1010485.23
DaQuan Jeffries,27,SG,47,22.8,6.7,2.9,1.1,0.6,0.5,0.405,0.335,2425404,3186794.39,761390.3900000001
Vasilije Micic,31,PG,41,19.1,6.6,2.2,3.1,0.4,0.0,0.348,0.36,7723000,7712950.36,-10049.639999999665
Precious Achiuwa,25,C,57,20.5,6.6,5.6,1.0,0.8,0.7,0.502,0.278,6000000,6105421.51,105421.50999999978
Trayce Jackson-Davis,24,C,62,15.6,6.6,5.0,1.7,0.4,0.6,0.576,0.0,1891857,2382831.47,490974.4700000002
Marcus Sasser,24,PG,57,14.2,6.6,1.2,2.3,0.6,0.1,0.463,0.382,2755080,3261956.65,506876.6499999999
Vince Williams Jr.,24,SG,27,18.5,6.6,3.6,2.0,0.4,0.3,0.401,0.274,2120693,1973061.88,-147631.1200000001
Thomas Bryant,27,C,66,14.6,6.5,3.8,0.8,0.4,0.6,0.508,0.324,2087519,3475988.59,1388469.5899999999
Donovan Clingan,20,C,67,19.8,6.5,7.9,1.1,0.5,1.6,0.539,0.286,6836400,7082052.65,245652.65000000037
Seth Curry,34,SG,68,15.6,6.5,1.7,0.9,0.4,0.1,0.478,0.456,2087519,2766143.74,678624.7400000002
Haywood Highsmith,28,SF,74,24.6,6.5,3.4,1.5,0.9,0.5,0.458,0.382,5200000,5442980.36,242980.36000000034
Talen Horton-Tucker,24,SG,58,12.5,6.5,1.7,1.4,0.4,0.2,0.457,0.336,2087519,2440798.12,353279.1200000001
Trey Lyles,29,PF,69,19.6,6.5,4.6,1.2,0.6,0.3,0.42,0.34,8000000,7528186.88,-471813.1200000001
Ajay Mitchell,22,SG,36,16.6,6.5,1.9,1.8,0.7,0.1,0.495,0.383,3000000,2618431.14,-381568.85999999987
Gary Payton II,32,SG,62,15.0,6.5,3.0,1.3,0.8,0.3,0.574,0.326,9130000,7570371.92,-1559628.08
Zach Collins,27,PF,64,15.3,6.4,4.5,1.7,0.5,0.5,0.507,0.302,16741200,11619658.92,-5121541.08
Kris Dunn,30,PG,74,24.1,6.4,3.4,2.8,1.7,0.4,0.439,0.335,5168000,6341602.7,1173602.7000000002
Ron Holland,19,SF,81,15.6,6.4,2.7,1.0,0.6,0.2,0.474,0.238,8245320,6321249.45,-1924070.5499999998
KJ Martin,24,PF,43,21.2,6.4,2.9,1.1,0.4,0.5,0.552,0.259,7975000,6372333.94,-1602666.0599999996
Gabe Vincent,28,PG,72,21.2,6.4,1.3,1.4,0.7,0.2,0.4,0.353,11000000,7826399.1,-3173600.9000000004
Sandro Mamukelashvili,25,PF,61,11.2,6.3,3.1,0.8,0.4,0.3,0.502,0.373,2087519,2755376.77,667857.77
Jeremiah Robinson-Earl,24,PF,66,18.8,6.3,4.8,1.3,0.6,0.1,0.455,0.341,2196970,2768935.25,571965.25
Kenrich Williams,30,PF,69,16.4,6.3,3.5,1.4,0.6,0.1,0.483,0.386,6669000,6620570.09,-48429.91000000015
Bones Hyland,24,PG,24,10.0,6.2,1.0,1.3,0.8,0.2,0.398,0.39,4158439,3095635.5,-1062803.5
Jonathan Mogbo,23,PF,63,20.4,6.2,4.9,2.3,0.9,0.5,0.438,0.243,1862265,2864433.88,1002168.8799999999
Ryan Rollins,22,PG,56,14.6,6.2,1.9,1.9,0.8,0.3,0.487,0.408,1091887,1562111.58,470224.5800000001
Ryan Rollins,22,PG,56,14.6,6.2,1.9,1.9,0.8,0.3,0.487,0.408,1091887,1562111.58,470224.5800000001
Isaac Okoro,24,SG,55,19.1,6.1,2.4,1.2,0.6,0.3,0.464,0.371,10185186,7379951.15,-2805234.8499999996
Jarace Walker,21,PF,75,15.8,6.1,3.1,1.5,0.7,0.3,0.472,0.405,6362520,5193382.41,-1169137.5899999999
Mouhamed Gueye,22,PF,33,16.2,6.0,4.2,0.8,0.8,1.0,0.421,0.259,1891857,2408236.29,516379.29000000004
Luke Kornet,29,C,73,18.6,6.0,5.3,1.6,0.5,1.0,0.668,0.0,2087519,5105903.51,3018384.51
Isaiah Mobley,25,PF,1,17.0,6.0,4.0,5.0,1.0,1.0,0.286,0.333,11997,2705923.48,2693926.48
Isaiah Stewart,23,C,72,19.9,6.0,5.5,1.7,0.4,1.4,0.559,0.321,15000000,11058831.47,-3941168.5299999993
James Wiseman,23,C,1,5.0,6.0,1.0,0.0,0.0,0.0,0.5,0.0,2237691,1782061.5,-455629.5
Cole Swider,25,SF,10,16.9,5.9,2.7,0.3,0.4,0.2,0.349,0.319,227947,316363.16,88416.15999999997
Cole Swider,25,SF,10,16.9,5.9,2.7,0.3,0.4,0.2,0.349,0.319,227947,316363.16,88416.15999999997
Chuma Okeke,26,PF,9,21.8,5.9,5.2,1.7,0.6,0.4,0.5,0.393,355687,723475.93,367788.93000000005
Chuma Okeke,26,PF,9,21.8,5.9,5.2,1.7,0.6,0.4,0.5,0.393,355687,723475.93,367788.93000000005
Chuma Okeke,26,PF,9,21.8,5.9,5.2,1.7,0.6,0.4,0.5,0.393,355687,723475.93,367788.93000000005
Kyle Anderson,31,PF,61,16.4,5.9,3.4,2.4,0.7,0.5,0.469,0.357,8780488,8085765.08,-694722.9199999999
Simone Fontecchio,29,SF,75,16.5,5.9,2.9,0.9,0.4,0.2,0.402,0.335,7692308,6882008.35,-810299.6500000004
Jaylin Williams,22,PF,47,16.7,5.9,5.6,2.6,0.5,0.6,0.439,0.399,2019699,2795398.63,775699.6299999999
Moses Brown,25,C,13,9.2,5.8,3.4,0.2,0.5,0.3,0.694,,426632,654065.64,227433.64
Moses Brown,25,C,13,9.2,5.8,3.4,0.2,0.5,0.3,0.694,,426632,654065.64,227433.64
Adem Bona,21,C,58,15.6,5.8,4.2,0.5,0.4,1.2,0.703,0.0,1157153,2649684.6,1492531.6
Robert Williams,27,C,20,17.6,5.8,5.9,1.1,0.7,1.7,0.641,0.333,12428571,10557681.78,-1870889.2200000007
Moussa Diabate,23,C,71,17.5,5.7,6.2,0.8,0.6,0.6,0.596,0.0,957763,2465824.71,1508061.71
Dariq Whitehead,20,SF,20,12.3,5.7,1.5,0.6,0.3,0.1,0.406,0.446,3114240,2709197.93,-405042.06999999983
Landry Shamet,27,SG,50,15.2,5.7,1.2,0.5,0.5,0.0,0.461,0.397,1343690,2252305.23,908615.23
Jordan Goodwin,26,PG,29,18.7,5.6,3.9,1.4,1.0,0.4,0.438,0.382,223718,1465924.02,1242206.02
Shake Milton,28,SG,57,14.7,5.5,1.8,1.8,0.4,0.1,0.453,0.358,2875000,3387506.97,512506.9700000002
Aaron Holiday,28,PG,62,12.8,5.5,1.3,1.3,0.3,0.2,0.437,0.398,4668000,4086722.49,-581277.5099999998
Jeff Green,38,PF,32,12.4,5.4,1.8,0.6,0.2,0.1,0.504,0.367,8000000,6783567.46,-1216432.54
Jonathan Isaac,27,PF,71,15.4,5.4,4.4,0.6,0.9,1.1,0.414,0.258,25000000,17688833.16,-7311166.84
Dean Wade,28,PF,59,21.2,5.4,4.2,1.3,0.7,0.3,0.413,0.36,6166667,6791737.58,625070.5800000001
Kobe Bufkin,21,SG,10,12.4,5.3,2.1,1.7,0.3,0.2,0.383,0.211,4299000,3351767.99,-947232.0099999998
Pat Connaughton,32,SG,41,14.7,5.3,2.7,1.7,0.2,0.3,0.469,0.321,9423869,7694200.61,-1729668.3899999997
Kevin Love,36,PF,23,10.9,5.3,4.1,1.0,0.7,0.2,0.357,0.358,3850000,4125375.19,275375.18999999994
Ben Sheppard,23,SG,63,19.5,5.3,2.8,1.3,0.6,0.2,0.418,0.342,2663880,2745555.85,81675.8500000001
Monte Morris,29,PG,45,12.7,5.2,1.5,1.6,0.4,0.1,0.426,0.36,2087519,2916168.3,828649.2999999998
Jabari Walker,22,SF,60,12.5,5.2,3.5,0.6,0.6,0.1,0.515,0.389,2019699,2524418.76,504719.7599999998
Javonte Green,31,SG,68,18.5,5.1,3.2,0.8,1.0,0.5,0.429,0.326,2328350,2631540.35,303190.3500000001
Javonte Green,31,SG,68,18.5,5.1,3.2,0.8,1.0,0.5,0.429,0.326,2328350,2631540.35,303190.3500000001
Bismack Biyombo,32,C,28,18.9,5.1,5.6,1.1,0.6,0.8,0.588,,647851,1016418.78,368567.78
Bismack Biyombo,32,C,28,18.9,5.1,5.6,1.1,0.6,0.8,0.588,,647851,1016418.78,368567.78
Bismack Biyombo,32,C,28,18.9,5.1,5.6,1.1,0.6,0.8,0.588,,647851,1016418.78,368567.78
Mitchell Robinson,26,C,17,17.1,5.1,5.9,0.8,0.9,1.1,0.661,,14318182,10962589.22,-3355592.7799999993
Ben Simmons,28,PG,51,22.0,5.0,4.7,5.6,0.7,0.5,0.52,,40011909,34464792.66,-5547116.340000004
Ben Simmons,28,PG,51,22.0,5.0,4.7,5.6,0.7,0.5,0.52,,40011909,34464792.66,-5547116.340000004
Malaki Branham,21,SG,47,9.1,5.0,1.1,0.8,0.2,0.0,0.458,0.405,3217920,3385423.79,167503.79000000004
Neemias Queta,25,C,62,13.9,5.0,3.8,0.7,0.3,0.7,0.65,0.0,2162606,2559925.66,397319.66000000015
Lindy Waters III,27,SG,52,15.0,4.9,2.1,1.0,0.5,0.2,0.369,0.344,2196970,2972326.15,775356.1499999999
Jock Landale,29,C,42,11.9,4.8,3.3,0.9,0.3,0.2,0.533,0.423,8000000,6437960.48,-1562039.5199999996
Colin Castleton,24,C,26,16.6,4.7,4.7,1.1,0.3,0.4,0.469,0.125,421081,421081.0,0.0
Colin Castleton,24,C,26,16.6,4.7,4.7,1.1,0.3,0.4,0.469,0.125,421081,421081.0,0.0
Colin Castleton,24,C,26,16.6,4.7,4.7,1.1,0.3,0.4,0.469,0.125,421081,421081.0,0.0
Colin Castleton,24,C,26,16.6,4.7,4.7,1.1,0.3,0.4,0.469,0.125,421081,421081.0,0.0
Taylor Hendricks,21,PF,3,25.0,4.7,5.0,0.7,1.7,1.3,0.222,0.25,5848680,6145780.64,297100.63999999966
David Roddy,23,PF,33,12.4,4.6,2.5,1.1,0.4,0.3,0.456,0.311,2967212,2875594.61,-91617.39000000013
David Roddy,23,PF,33,12.4,4.6,2.5,1.1,0.4,0.3,0.456,0.311,2967212,2875594.61,-91617.39000000013
Drew Eubanks,27,C,61,12.2,4.6,3.7,0.9,0.2,0.6,0.593,0.5,5000000,4538892.57,-461107.4299999997
Pelle Larsson,23,SG,55,14.2,4.6,1.7,1.2,0.6,0.1,0.438,0.337,1157153,1779571.93,622418.9299999999
Julian Phillips,21,SF,79,14.2,4.6,2.1,0.5,0.5,0.3,0.446,0.327,1891857,2826157.26,934300.2599999998
Cody Williams,20,SG,50,21.2,4.6,2.3,1.2,0.5,0.3,0.323,0.259,5469120,5022568.5,-446551.5
Rob Dillingham,20,PG,49,10.5,4.5,1.0,2.0,0.4,0.0,0.441,0.338,6262920,5117200.9,-1145719.0999999996
Jett Howard,21,SF,60,11.7,4.5,1.2,0.7,0.2,0.2,0.374,0.296,5278320,4277215.76,-1001104.2400000002
Kevon Looney,28,C,76,15.0,4.5,6.1,1.6,0.6,0.5,0.514,0.4,8000000,8062758.7,62758.700000000186
Mason Plumlee,34,C,74,17.6,4.5,6.1,1.8,0.4,0.6,0.619,0.0,2087519,4260464.37,2172945.37
Dalen Terry,22,SG,73,13.5,4.5,1.7,1.3,0.6,0.2,0.448,0.356,3510480,3308484.49,-201995.50999999978
Marvin Bagley III,25,PF,31,8.5,4.4,2.7,0.4,0.3,0.3,0.519,0.158,12500000,8103918.02,-4396081.98
Charles Bassey,24,C,36,10.4,4.4,4.2,0.5,0.4,0.8,0.581,,2087519,2249120.44,161601.43999999994
Tony Bradley,27,C,14,8.1,4.4,3.0,0.4,0.1,0.6,0.644,0.333,600545,599038.98,-1506.0200000000186
Tony Bradley,27,C,14,8.1,4.4,3.0,0.4,0.1,0.6,0.644,0.333,600545,599038.98,-1506.0200000000186
Tony Bradley,27,C,14,8.1,4.4,3.0,0.4,0.1,0.6,0.644,0.333,600545,599038.98,-1506.0200000000186
Reggie Jackson,34,PG,31,12.4,4.4,1.4,1.5,0.5,0.1,0.391,0.338,4033748,4122664.27,88916.27000000002
Reggie Jackson,34,PG,31,12.4,4.4,1.4,1.5,0.5,0.1,0.391,0.338,4033748,4122664.27,88916.27000000002
Reed Sheppard,20,PG,52,12.6,4.4,1.5,1.4,0.7,0.3,0.351,0.338,10098960,7655839.5,-2443120.5
Lamar Stevens,27,PF,17,9.1,4.4,2.2,0.5,0.3,0.2,0.46,0.296,623856,738703.47,114847.46999999997
Lamar Stevens,27,PF,17,9.1,4.4,2.2,0.5,0.3,0.2,0.46,0.296,623856,738703.47,114847.46999999997
Lamar Stevens,27,PF,17,9.1,4.4,2.2,0.5,0.3,0.2,0.46,0.296,623856,738703.47,114847.46999999997
Mo Bamba,26,C,32,12.9,4.3,4.5,0.6,0.3,1.0,0.464,0.278,2207491,2764450.08,556959.0800000001
Mo Bamba,26,C,32,12.9,4.3,4.5,0.6,0.3,1.0,0.464,0.278,2207491,2764450.08,556959.0800000001
Jevon Carter,29,PG,36,8.9,4.3,1.1,1.1,0.4,0.1,0.377,0.333,6500000,5871880.95,-628119.0499999998
Terrence Shannon Jr.,24,SG,32,10.6,4.3,1.5,1.0,0.2,0.2,0.482,0.355,2546640,2314100.33,-232539.66999999993
Daniel Theis,32,C,38,16.3,4.3,4.3,1.6,0.5,0.5,0.473,0.243,2087519,3709251.29,1621732.29
Torrey Craig,34,SF,26,12.1,4.2,2.8,0.7,0.3,0.5,0.422,0.364,3625162,3684103.4,58941.39999999991
Torrey Craig,34,SF,26,12.1,4.2,2.8,0.7,0.3,0.5,0.422,0.364,3625162,3684103.4,58941.39999999991
Wendell Moore Jr.,23,SG,36,13.9,4.2,2.6,1.2,0.6,0.1,0.468,0.341,2537040,2491277.68,-45762.31999999983
Dominick Barlow,21,SF,35,10.7,4.2,2.4,0.5,0.3,0.5,0.531,0.259,491887,1717420.33,1225533.33
Oso Ighodaro,22,PF,61,17.1,4.2,3.6,1.2,0.5,0.5,0.604,0.0,1157153,1731364.39,574211.3899999999
Kris Murray,24,SF,69,15.1,4.2,2.6,1.0,0.5,0.2,0.419,0.225,2990040,3261800.91,271760.91000000015
Duop Reath,28,C,46,10.2,4.2,2.0,0.6,0.3,0.3,0.422,0.321,2048780,2398303.83,349523.8300000001
Maxwell Lewis,22,SF,28,11.7,4.1,2.0,0.7,0.3,0.3,0.417,0.38,1891857,1707474.15,-184382.8500000001
Jaylen Clark,23,SG,40,13.1,4.1,1.3,0.7,0.9,0.1,0.467,0.431,492323,1657101.0,1164778.0
Caleb Houstan,22,SF,58,13.6,4.1,1.3,0.6,0.4,0.1,0.421,0.4,2019699,2191385.65,171686.6499999999
Jordan Miller,25,SF,37,11.4,4.1,1.6,0.9,0.5,0.1,0.433,0.211,1050000,1650372.47,600372.47
Jalen Pickett,25,SG,49,13.6,4.1,1.4,2.2,0.4,0.1,0.428,0.396,1891857,2104259.66,212402.66000000015
Paul Reed,25,C,45,9.7,4.1,2.7,1.0,0.9,0.6,0.507,0.286,3913234,4275052.44,361818.4400000004
Paul Reed,25,C,45,9.7,4.1,2.7,1.0,0.9,0.6,0.507,0.286,3913234,4275052.44,361818.4400000004
Gui Santos,22,PF,56,13.6,4.1,3.1,1.4,0.4,0.2,0.458,0.33,1891857,2342186.55,450329.5499999998
Jarred Vanderbilt,25,PF,36,16.1,4.1,5.1,1.1,1.0,0.3,0.488,0.281,10714286,8484577.11,-2229708.8900000006
Colby Jones,22,SG,39,13.2,4.0,2.2,1.1,0.7,0.3,0.457,0.327,2120693,2670179.36,549486.3599999999
Nicolas Batum,36,PF,78,17.5,4.0,2.8,1.1,0.7,0.5,0.437,0.433,4668000,4638831.59,-29168.41000000015
Malachi Flynn,26,PG,4,11.0,4.0,1.8,1.8,0.8,0.0,0.385,0.25,119972,1007169.72,887197.72
Josh Richardson,31,SG,8,18.8,4.0,1.5,1.5,1.0,0.1,0.289,0.273,3051153,2841425.1,-209727.8999999999
Steven Adams,31,C,58,13.7,3.9,5.6,1.1,0.4,0.5,0.545,0.0,12600000,9564246.89,-3035753.1099999994
Kyle Lowry,38,PG,35,18.8,3.9,1.9,2.7,0.9,0.3,0.35,0.33,2087519,3036761.71,949242.71
Olivier-Maxence Prosper,22,PF,52,11.2,3.9,2.4,0.8,0.5,0.1,0.402,0.235,2870400,3074978.78,204578.7799999998
Patty Mills,36,PG,29,11.1,3.8,0.8,0.9,0.4,0.1,0.375,0.347,2087519,2917347.59,829828.5899999999
Branden Carlson,25,C,32,7.7,3.8,1.7,0.4,0.2,0.7,0.443,0.333,496519,615943.32,119424.31999999995
Branden Carlson,25,C,32,7.7,3.8,1.7,0.4,0.2,0.7,0.443,0.333,496519,615943.32,119424.31999999995
Branden Carlson,25,C,32,7.7,3.8,1.7,0.4,0.2,0.7,0.443,0.333,496519,615943.32,119424.31999999995
Devin Carter,22,PG,36,11.0,3.8,2.1,1.1,0.6,0.1,0.37,0.295,4689000,4173744.35,-515255.6499999999
Ousmane Dieng,21,C,37,10.9,3.8,2.2,0.8,0.5,0.2,0.432,0.324,5027040,3975875.63,-1051164.37
Markieff Morris,35,PF,15,11.0,3.7,1.5,1.4,0.1,0.2,0.3,0.25,2087519,2206907.79,119388.79000000004
DeAndre Jordan,36,C,56,12.3,3.7,5.1,0.9,0.3,0.5,0.65,,2087519,3881036.88,1793517.88
Craig Porter Jr.,24,PG,51,10.1,3.7,1.3,1.4,0.3,0.3,0.514,0.438,1891857,2497582.32,605725.3199999998
Blake Wesley,21,SG,58,11.8,3.7,1.1,2.0,0.6,0.1,0.435,0.293,2624280,3017924.82,393644.81999999983
Baylor Scheierman,24,SG,31,12.4,3.6,2.1,1.1,0.5,0.1,0.355,0.317,2494320,3046864.93,552544.9300000002
Jae'Sean Tate,29,SF,52,11.3,3.6,2.3,0.9,0.5,0.1,0.473,0.348,7565217,6575472.78,-989744.2199999997
Jaylon Tyson,22,SG,47,9.6,3.6,2.0,0.9,0.3,0.1,0.43,0.345,3326160,2984623.96,-341536.04000000004
Elfrid Payton,30,PG,24,21.3,3.5,3.3,6.9,1.0,0.5,0.328,0.167,789048,885757.52,96709.52000000002
Elfrid Payton,30,PG,24,21.3,3.5,3.3,6.9,1.0,0.5,0.328,0.167,789048,885757.52,96709.52000000002
Elfrid Payton,30,PG,24,21.3,3.5,3.3,6.9,1.0,0.5,0.328,0.167,789048,885757.52,96709.52000000002
Elfrid Payton,30,PG,24,21.3,3.5,3.3,6.9,1.0,0.5,0.328,0.167,789048,885757.52,96709.52000000002
Elfrid Payton,30,PG,24,21.3,3.5,3.3,6.9,1.0,0.5,0.328,0.167,789048,885757.52,96709.52000000002
Elfrid Payton,30,PG,24,21.3,3.5,3.3,6.9,1.0,0.5,0.328,0.167,789048,885757.52,96709.52000000002
Luka Garza,26,C,39,5.6,3.5,1.4,0.3,0.2,0.1,0.495,0.278,2162606,2234751.65,72145.6499999999
Cory Joseph,33,PG,50,12.2,3.5,1.5,1.4,0.5,0.1,0.403,0.364,3303771,3427995.92,124224.91999999993
Doug McDermott,33,SF,42,8.1,3.5,0.5,0.2,0.1,0.0,0.427,0.436,2087519,2817128.69,729609.69
Dario Saric,30,C,16,13.1,3.5,3.1,1.4,0.4,0.1,0.362,0.269,5168000,3920633.97,-1247366.0299999998
Bruno Fernando,26,C,17,8.6,3.4,3.0,1.1,0.2,0.5,0.531,,1115128,935624.05,-179503.94999999995
Andre Jackson Jr.,23,SG,67,14.6,3.4,2.7,1.2,0.5,0.2,0.477,0.395,1891857,2632017.76,740160.7599999998
Isaac Jones,24,PF,40,7.6,3.4,1.4,0.3,0.1,0.3,0.651,0.375,152957,1164391.16,1011434.1599999999
Kevin Knox,25,SF,14,6.0,3.3,1.2,0.4,0.1,0.3,0.5,0.267,503883,524093.75,20210.75
Kevin Knox,25,SF,14,6.0,3.3,1.2,0.4,0.1,0.3,0.5,0.267,503883,524093.75,20210.75
Kevin Knox,25,SF,14,6.0,3.3,1.2,0.4,0.1,0.3,0.5,0.267,503883,524093.75,20210.75
Damion Lee,32,SG,25,5.8,3.3,0.8,0.4,0.2,0.0,0.365,0.243,2087519,2030737.52,-56781.47999999998
Jeenathan Williams,25,SG,20,7.4,3.3,0.7,0.5,0.4,0.2,0.435,0.231,515881,731225.02,215344.02000000002
Zeke Nnaji,24,PF,57,10.7,3.2,1.6,0.4,0.4,0.7,0.496,0.327,8888889,6839982.52,-2048906.4800000004
Cam Reddish,25,SF,33,17.8,3.2,2.0,0.7,1.0,0.3,0.404,0.277,2463946,3066744.05,602798.0499999998
Delon Wright,32,PG,40,15.9,3.1,1.7,1.9,0.9,0.3,0.344,0.274,2087519,3049109.02,961590.02
Kylor Kelley,27,C,11,11.5,3.1,3.5,0.5,0.1,0.3,0.636,,73153,249715.67,176562.67
Kylor Kelley,27,C,11,11.5,3.1,3.5,0.5,0.1,0.3,0.636,,73153,249715.67,176562.67
Gary Harris,30,SG,48,14.8,3.0,1.3,0.6,0.5,0.3,0.383,0.356,7500000,6016851.0,-1483149.0
Maxi Kleber,33,PF,34,18.7,3.0,2.8,1.3,0.3,0.5,0.385,0.265,11000000,7795678.66,-3204321.34
Rayan Rupert,20,SG,52,8.8,3.0,1.3,0.5,0.3,0.1,0.408,0.271,1891857,2434026.34,542169.3399999999
P.J. Tucker,39,SF,3,19.3,3.0,2.7,0.0,0.3,0.3,0.429,0.5,12025777,11926394.42,-99382.58000000007
P.J. Tucker,39,SF,3,19.3,3.0,2.7,0.0,0.3,0.3,0.429,0.5,12025777,11926394.42,-99382.58000000007
P.J. Tucker,39,SF,3,19.3,3.0,2.7,0.0,0.3,0.3,0.429,0.5,12025777,11926394.42,-99382.58000000007
P.J. Tucker,39,SF,3,19.3,3.0,2.7,0.0,0.3,0.3,0.429,0.5,12025777,11926394.42,-99382.58000000007
Markelle Fultz,26,PG,21,8.8,2.9,1.0,1.3,0.5,0.1,0.418,0.5,731831,1201658.76,469827.76
Taj Gibson,39,C,37,11.1,2.9,3.2,0.6,0.2,0.5,0.495,0.5,2087519,4834917.18,2747398.1799999997
Tyler Smith,20,PF,23,5.3,2.9,1.1,0.2,0.1,0.2,0.48,0.433,1157153,1481558.55,324405.55000000005
Keshad Johnson,23,SF,16,6.1,2.7,1.8,0.3,0.3,0.3,0.692,0.429,724883,1372537.03,647654.03
Jae Crowder,34,PF,9,11.4,2.6,2.2,0.7,0.3,0.0,0.318,0.267,1655619,2423851.97,768232.9700000002
Josh Minott,22,SF,46,6.0,2.6,1.0,0.4,0.3,0.3,0.489,0.326,2019699,2882950.73,863251.73
Hunter Tyson,24,PF,51,7.8,2.6,1.5,0.4,0.2,0.1,0.375,0.311,1891857,2118937.58,227080.58000000007
Jaden Springer,22,SG,43,8.5,2.5,1.3,0.8,0.6,0.1,0.389,0.25,4772772,4658532.42,-114239.58000000007
Jaden Springer,22,SG,43,8.5,2.5,1.3,0.8,0.6,0.1,0.389,0.25,4772772,4658532.42,-114239.58000000007
Jaden Springer,22,SG,43,8.5,2.5,1.3,0.8,0.6,0.1,0.389,0.25,4772772,4658532.42,-114239.58000000007
Anthony Gill,32,PF,51,7.8,2.5,1.3,0.3,0.2,0.0,0.489,0.323,2237691,2830637.6,592946.6000000001
Dillon Jones,23,SF,54,10.2,2.5,2.2,1.1,0.3,0.1,0.383,0.254,2622360,2860698.42,238338.41999999993
Pat Spencer,28,PG,39,6.4,2.5,1.2,1.2,0.4,0.1,0.406,0.227,438810,1494452.26,1055642.26
Johnny Davis,22,SG,34,7.1,2.4,1.1,0.3,0.4,0.2,0.41,0.241,5291160,4333163.03,-957996.9699999997
John Konchar,28,SG,46,12.1,2.4,3.3,0.9,0.7,0.3,0.451,0.371,6165000,5426712.89,-738287.1100000003
MarJon Beauchamp,24,SF,35,4.5,2.3,1.3,0.3,0.1,0.0,0.415,0.345,2733720,2702671.58,-31048.419999999925
Bronny James,20,SG,27,6.7,2.3,0.7,0.8,0.3,0.1,0.313,0.281,1157153,1567977.12,410824.1200000001
Patrick Baldwin Jr.,22,SF,24,4.5,2.2,1.0,0.1,0.1,0.1,0.543,0.565,2448840,2246271.59,-202568.41000000015
Jordan McLaughlin,28,PG,46,6.8,2.1,0.7,1.1,0.3,0.0,0.431,0.413,2087519,2579843.73,492324.73
JD Davison,22,PG,16,5.8,2.1,0.8,0.8,0.3,0.1,0.353,0.222,11997,781196.62,769199.62
Chris Duarte,27,SG,17,4.4,2.1,1.2,0.5,0.0,0.0,0.462,0.4,5893768,4227587.93,-1666180.0700000003
Johnny Furphy,20,SG,50,7.6,2.1,1.4,0.4,0.4,0.2,0.38,0.3,1850842,2597123.84,746281.8399999999
Dwight Powell,33,C,55,10.0,2.1,2.1,1.0,0.3,0.4,0.689,0.4,4000000,4110265.53,110265.5299999998
Tyler Kolek,23,PG,41,7.2,2.0,0.7,1.7,0.3,0.1,0.329,0.298,2087519,2903551.83,816032.8300000001
Kobe Brown,25,PF,40,6.8,1.9,1.6,0.6,0.2,0.1,0.458,0.231,2533920,2294424.86,-239495.14000000013
Ariel Hukporti,22,C,25,8.7,1.9,2.0,0.4,0.0,0.6,0.677,,1064049,1719085.78,655036.78
Bobi Klintman,21,SF,8,5.3,1.9,0.9,0.9,0.3,0.1,0.6,0.4,1257153,1220452.34,-36700.659999999916
Garrett Temple,38,SG,28,8.1,1.9,1.0,1.1,0.6,0.1,0.3,0.214,2087519,2841605.33,754086.3300000001
Jericho Sims,26,C,53,11.9,1.8,3.7,0.6,0.2,0.4,0.634,,2092344,2471598.66,379254.66000000015
Vlatko Cancar,27,PF,13,10.5,1.8,2.5,0.7,0.2,0.2,0.385,0.267,2087519,1697033.42,-390485.5800000001
E.J. Liddell,24,PF,12,4.4,1.8,0.8,0.3,0.1,0.1,0.533,0.3,706898,651020.4,-55877.59999999998
Pacome Dadiet,19,SG,18,6.2,1.7,1.0,0.3,0.2,0.1,0.323,0.316,1808080,1783466.91,-24613.090000000084
Tristan Thompson,33,C,40,8.2,1.7,3.4,0.6,0.1,0.3,0.437,0.0,2087519,3093721.28,1006202.2799999998
Alex Len,31,C,46,8.3,1.6,2.1,0.8,0.2,0.5,0.508,0.222,2831348,2889470.4,58122.39999999991
Alex Len,31,C,46,8.3,1.6,2.1,0.8,0.2,0.5,0.508,0.222,2831348,2889470.4,58122.39999999991
Jordan Walsh,20,PF,52,7.8,1.6,1.3,0.4,0.2,0.2,0.361,0.273,1891857,2472549.14,580692.1400000001
Phillip Wheeler,22,PF,5,8.8,1.6,1.6,0.4,0.2,0.4,0.143,0.0,66503,320970.36,254467.36
Sidy Cissoko,20,SF,22,5.2,1.5,1.0,0.7,0.1,0.0,0.433,0.231,1891857,1827544.39,-64312.6100000001
Leonard Miller,21,SF,13,2.5,1.5,0.8,0.0,0.2,0.1,0.4,0.0,1891857,2345965.14,454108.14000000013
Matt Ryan,27,SF,19,3.6,1.5,0.4,0.2,0.1,0.0,0.323,0.316,621439,1009252.64,387813.64
Cam Christie,19,SG,13,4.5,1.4,0.9,0.5,0.4,0.1,0.292,0.154,1157153,1454991.86,297838.8600000001
Chris Livingston,21,SF,21,5.0,1.4,1.7,0.2,0.2,0.0,0.333,0.0,1891857,1909212.38,17355.37999999989
Skal Labissiere,28,PF,4,3.0,1.3,0.8,0.3,0.0,0.0,0.5,1.0,119972,977907.64,857935.64
Yuri Collins,23,PG,2,8.0,1.0,1.5,2.0,1.0,0.0,0.333,,66503,1702532.3,1636029.3
Braxton Key,27,SF,3,3.7,1.0,0.7,0.0,0.7,0.0,0.0,0.0,11997,2805473.62,2793476.62
Xavier Tillman Sr.,26,C,33,7.0,1.0,1.3,0.2,0.3,0.2,0.245,0.156,2237691,2345561.75,107870.75
PJ Dozier,28,SG,9,3.9,0.8,0.6,0.6,0.1,0.0,0.667,0.667,1051255,1222845.62,171590.6200000001
Joe Ingles,37,SF,19,6.0,0.8,0.6,1.2,0.1,0.0,0.261,0.2,2087519,2156181.21,68662.20999999996
James Johnson,37,PF,12,3.1,0.7,0.5,0.3,0.0,0.2,0.364,0.0,2087519,2274816.64,187297.64000000013
Malevy Leons,25,SF,6,3.5,0.3,0.5,0.2,0.0,0.0,0.0,0.0,126356,199781.62,73425.62
Daishen Nix,22,PG,3,4.3,0.3,1.3,1.0,0.0,0.0,0.0,0.0,119972,192263.27,72291.26999999999
Terence Davis,27,SG,1,8.0,0.0,1.0,1.0,0.0,0.0,0.0,0.0,64301,486547.05,422246.05
Jalen McDaniels,27,SF,4,1.8,0.0,0.0,0.3,0.3,0.0,,,4861772,4463369.74,-398402.2599999998
Jalen McDaniels,27,SF,4,1.8,0.0,0.0,0.3,0.3,0.0,,,4861772,4463369.74,-398402.2599999998
Jahlil Okafor,29,C,1,3.0,0.0,1.0,1.0,0.0,0.0,,,119972,942784.59,822812.59
Terry Taylor,25,PF,3,2.0,0.0,0.3,0.7,0.0,0.0,0.0,,119972,357124.12,237152.12
